"","Lizard_ID","eggID","bd_liz_id","clutch","egg_encl_ID","species","trt","temp","hormone","hatch_date_dmy","season","date_egg_laid_dmy","Julian_lay","days_to_hatch","Julian_hatch_date","egg_mass","egg_length_mm","egg_width_mm","hatch_mass_g","hatch_svl_mm","hatch_tail_orig_mm","juv1_measure_date_dmy","juv1_SVL_mm","juv1_measure_tail_mm","juv1_mass_g","Liz_ID","juv2_measure_date_dmy","juv2_SVL_mm","juv2_measure_tail_mm","juv2_mass_g","person_juv2","liz_status_db","mortality_date_dmy","tail_loss_hatching","tail_loss_juv1","tail_loss_juv2","tail_loss_overall","notes_juv1","notes_juv2","notes_db","juv3_date","juv3_measure_time","Plate_CORT_juv3","juv3_sample_ID","sex","juv3_data_ssue_Y_N","juv3_SVL_mm","juv3_tail_mm","juv3_mass_g","juv3_temperature","juv3_CORT_Treatment","juv3_HandlingTime_sec","juv3_Testosterone_plate","juv3_Testosterone_Final_ng_ml","juv3_T4_plate","juv3_T4_corrected_ng_mL","juv3_Sample_volume_ul","juv3_CORT_Final_Hormone_ng_mL","notes_juv3","juv3_inject_time_sec","juv3_liver_time_sec","juv3_oroboros","juv3_chamber","juv3_basal_corrected.pmol..sec.ng..","juv3_adp_corrected.pmol..sec.ng..","juv3_oligo_corrected.pmol..sec.ng..","juv3_fccp_corrected.pmol..sec.ng..","juv3_RCR.L.R.","juv3_RCR.L.ETS.","juv3_RCR.R.ETS.","juv3_oroboros_comments","Juvenile1_Age","Juvenile2_Age","Juvenile3_Age","hatch_juv3_SVL_growth","hatch_juv3_MASS_growth","hatch_juv1_SVL_growth","hatch_juv1_mass_growth","juv1_juv3_svl_growth","juv1_juv3_mass_growth","hatch_mass_svl","juv1_mass_svl","juv2_mass_svl","juv3_mass_svl","log_hatch_mass","log_hatch_SVL","log_juv1_mass","log_juv1_SVL","log_juv2_mass","log_juv2_SVL","log_juv3_mass","log_juv3_SVL","ScaledMass_hatch","ScaledMass_juv1","ScaledMass_juv2","ScaledMass_juv3"
"1","LD721_21","EG721_21","LD721_21","CL209_21","E004_F120","delicata","C_23_Topical","23","control","21/02/2022","2021/22","1/01/2022",1,51,52,0.102,9.08,4.67,0.128,18,25,"3/06/2022",34,46,0.626,"LD721_21",NA,NA,NA,NA,"","ALIVE",NA,0,0,0,0,"","egg dehydrated quite bad","egg dehydrated quite bad",2020-05-24,"9:21","3",46,"M","N",43,67,1.627,23,"control",162,"T1",1344.02,"2",0.35,5,375.41,"very large liver, dilute in 600ul",28,242,72809,"B",0.2716,1.8245,0.2355,15.5383,0.8669,0.3073,0.3544,"very large liver, dilute in 600ul",102,170,458,0.054585152838428,0.00327292576419214,0.156862745098039,0.00488235294117647,0.0252808988764045,0.00281179775280899,0.00711111111111111,0.0184117647058824,NA,0.0378372093023256,-2.05572501506252,2.89037175789616,-0.468404907882039,3.52636052461616,NA,NA,0.486737828236901,3.76120011569356,0.117686735572882,0.427951466914747,NA,1.50356996363227
"2","LD722_21","EG722_21","LD722_21","CL209_21","E004_F120","delicata","CORT_23_10pg_Topical","23","high",NA,"2021/22","1/01/2022",1,NA,NA,0.108,8.36,5.11,0.097,16,21,"3/06/2022",28.3,46,0.525,"LD722_21",NA,NA,NA,NA,"","ALIVE",NA,0,0,0,0,"","egg litle dehydrated, but fine","egg litle dehydrated, but fine",2020-05-19,"9:35","6",19,"M","N",44,62,1.539,23,"high",205,"T1",1198.49,"1",0.4,5,539.76,"",19,327,72810,"A",0.1429,0.9682,0.1616,6.457,1.1312,0.258,0.2281,"",NA,NA,NA,NA,NA,NA,NA,NA,NA,0.0060625,0.0185512367491166,NA,0.0349772727272727,-2.33304430047875,2.77258872223978,-0.644357016390513,3.34286180464919,NA,NA,0.431132854856742,3.78418963391826,0.117126472993381,0.573347032091758,NA,1.33148904947264
"3","LD723_21","EG723_21","LD723_21","CL209_21","E004_F120","delicata","CORT_23_5pg_Topical","23","low","21/02/2022","2021/22","1/01/2022",1,51,52,0.118,8.47,5.46,0.139,19,25,"3/06/2022",31.5,45,0.505,"LD723_21","10/08/2022",35,46,0.723,"DCL","ALIVE",NA,0,1,1,1,"tail fell off","egg litle dehydrated, but fine","egg litle dehydrated, but fine",2020-05-23,"14:31","3",41,"F","N",43,61,1.752,23,"low",147,"",NA,"2",0.83,5,374.4,"extra 500ul aliquot 41B",22,240,72809,"A",0.2569,1.3167,0.1002,7.5395,0.3901,0.1198,0.3071,"extra 500ul aliquot 41B",102,170,457,0.0525164113785558,0.00352954048140044,0.122549019607843,0.00358823529411765,0.0323943661971831,0.00351267605633803,0.00731578947368421,0.016031746031746,0.0206571428571429,0.0407441860465116,-1.97328134585145,2.94443897916644,-0.683196849706777,3.44998754583159,-0.324346056823372,3.55534806148941,0.5607579925142,3.76120011569356,0.112771048985438,0.419549678424293,0.548412550017937,1.61908701676935
"4","LD726_21","EG726_21","LD726_21","CL210_21","E001_F120","delicata","C_28_Topical","28","control","3/02/2022","2021/22","1/01/2022",1,33,34,0.125,7.8,5.56,0.102,17,22,NA,NA,NA,NA,"LD726_21",NA,NA,NA,NA,"","DEAD","3/02/2022",0,0,0,0,"","died after hatching; 3/2/22","died after hatching; 3/2/22",NA,NA,NA,NA,NA,NA,NA,NA,NA,NA,NA,NA,NA,NA,NA,NA,NA,NA,NA,NA,NA,NA,NA,NA,NA,NA,NA,NA,NA,NA,NA,120,188,NA,NA,NA,NA,NA,NA,NA,0.006,NA,NA,NA,-2.28278246569787,2.83321334405622,NA,NA,NA,NA,NA,NA,0.107043162647465,NA,NA,NA
"5","LD727_21","EG727_21","LD727_21","CL210_21","E001_F120","delicata","C_23_Topical","23","control","27/02/2022","2021/22","1/01/2022",1,57,58,0.126,8.05,5.84,0.115,18,24,NA,NA,NA,NA,"LD727_21",NA,NA,NA,NA,"","ALIVE",NA,0,0,0,0,"","** Note that this ID was unclear. Could be labelled 772, but more likely 727. 772 is already hatched. Defnietly from 23C treatment","** Note that this ID was unclear. Could be labelled 772, but more likely 727. 772 is already hatched. Defnietly from 23C treatment",NA,NA,NA,NA,NA,NA,NA,NA,NA,NA,NA,NA,NA,NA,NA,NA,NA,NA,NA,NA,NA,NA,NA,NA,NA,NA,NA,NA,NA,NA,NA,96,164,NA,NA,NA,NA,NA,NA,NA,0.00638888888888889,NA,NA,NA,-2.16282315061889,2.89037175789616,NA,NA,NA,NA,NA,NA,0.105734176491261,NA,NA,NA
"6","LD728_21","EG728_21","LD728_21","CL210_21","E001_F120","delicata","CORT_28_5pg_Topical","28","low","3/02/2022","2021/22","1/01/2022",1,33,34,0.131,8.46,5.67,0.114,17,23,"3/06/2022",35,41,0.535,"LD728_21","10/08/2022",37,31,0.631,"DCL","ALIVE",NA,0,1,1,1,"tail fell off","","",2020-06-08,"12:14","5",98,"M","N",44,51,1.733,28,"low",117,"T2",839.82,"3",0.67,5,164.9,"",20,187,72809,"B",0.1579,1.4092,0.1511,20.9766,0.957,0.1661,0.1735,"",120,188,491,0.054989816700611,0.00329735234215886,0.15,0.00350833333333333,0.0242587601078167,0.00322911051212938,0.00670588235294118,0.0152857142857143,0.0170540540540541,0.0393863636363636,-2.17155683058764,2.83321334405622,-0.62548853208613,3.55534806148941,-0.460449416440924,3.61091791264422,0.549854010733469,3.78418963391826,0.119636475900108,0.339653883239269,0.414397130749506,1.49933107390259
"7","LD729_21","EG729_21","LD729_21","CL210_21","E001_F120","delicata","CORT_23_5pg_Topical","23","low","24/02/2022","2021/22","1/01/2022",1,54,55,0.126,7.98,5.42,0.114,18,24,"3/06/2022",28.5,41,0.389,"LD729_21","10/08/2022",28,40,0.448,"PR","ALIVE",NA,0,0,0,0,"","","",2020-05-23,"14:36",NA,42,"F","N",42,66,1.526,NA,"",NA,"",NA,NA,NA,NA,NA,"extra 500ul aliquot 42B",18,195,72809,"B",0.2783,1.8884,0.2162,16.3444,0.7768,0.2304,0.2966,"extra 500ul aliquot 42B",99,167,454,0.052863436123348,0.00311013215859031,0.106060606060606,0.00277777777777778,0.0380281690140845,0.00320281690140845,0.00633333333333333,0.0136491228070175,0.016,0.0363333333333333,-2.17155683058764,2.89037175789616,-0.944175935363691,3.3499040872746,-0.802962046567152,3.3322045101752,0.422649932862265,3.73766961828337,0.104814748869598,0.417253852017882,0.606103950685932,1.50869554200146
"8","LD730_21","EG730_21","LD730_21","CL211_21","E018_M","delicata","CORT_23_10pg_Topical","23","high","21/02/2022","2021/22","1/01/2022",1,51,52,0.162,8.29,6.38,0.128,17,25,"3/06/2022",28,38.5,0.447,"LD730_21","10/08/2022",32,45,0.538,"DCL","ALIVE",NA,0,0,0,0,"","","",2020-05-24,"9:16","3",45,"M","N",42,66,1.456,23,"high",126,"T1",1183.42,"2",1.03,5,199.36,"800ul dilute(large sample)",21,195,72809,"A",0.7523,5.5276,0.5929,17.0026,0.7882,0.2571,0.3261,"800ul dilute(large sample)",102,170,458,0.054585152838428,0.00289956331877729,0.107843137254902,0.00312745098039216,0.0393258426966292,0.00283426966292135,0.00752941176470588,0.0159642857142857,0.0168125,0.0346666666666667,-2.05572501506252,2.83321334405622,-0.805196684368568,3.3322045101752,-0.619896718820353,3.46573590279973,0.375692949774494,3.73766961828337,0.134328674694858,0.501627257367884,0.51483832397757,1.43948932447846
"9","LD731_21","EG731_21","LD731_21","CL211_21","E018_M","delicata","CORT_23_5pg_Topical","23","low","21/02/2022","2021/22","1/01/2022",1,51,52,0.155,8.43,6.17,0.131,18,26,NA,NA,NA,NA,"LD731_21",NA,NA,NA,NA,"","MISSING",NA,0,0,0,0,"","Lizard missing 23 Mar 22","Lizard missing 23 Mar 22",NA,NA,NA,NA,NA,NA,NA,NA,NA,NA,NA,NA,NA,NA,NA,NA,NA,NA,NA,NA,NA,NA,NA,NA,NA,NA,NA,NA,NA,NA,NA,102,170,NA,NA,NA,NA,NA,NA,NA,0.00727777777777778,NA,NA,NA,-2.03255795578099,2.89037175789616,NA,NA,NA,NA,NA,NA,0.120445018437871,NA,NA,NA
"10","LD732_21","EG732_21","LD732_21","CL211_21","E018_M","delicata","C_23_Topical","23","control","20/02/2022","2021/22","1/01/2022",1,50,51,0.151,8.27,6.03,0.134,17,24,"3/06/2022",31,43.5,0.578,"LD732_21","10/08/2022",39,54,0.721,"DCL","ALIVE",NA,0,0,0,0,"","","",2020-06-01,"9:16","4",69,"F","N",45,72,1.888,23,"control",219,"",NA,"4",0.61,5,242.74,"",28,338,72809,"A",0.272,2.0508,0.139,16.7623,0.5109,0.1392,0.2725,"",103,171,467,0.0599571734475375,0.0037558886509636,0.135922330097087,0.00431067961165049,0.0384615384615385,0.0035989010989011,0.00788235294117647,0.0186451612903226,0.0184871794871795,0.0419555555555556,-2.00991547903123,2.83321334405622,-0.54818141030976,3.43398720448515,-0.327116141697188,3.66356164612965,0.635518067723309,3.80666248977032,0.14062533132118,0.50021743525649,0.413082004870515,1.53146630249628
"11","LD733_21","EG733_21","LD733_21","CL211_21","E018_M","delicata","CORT_28_10pg_Topical","28","high","2/02/2022","2021/22","1/01/2022",1,32,33,0.156,8.66,6.21,0.129,18,25,"3/06/2022",29.5,36,0.435,"LD733_21","10/08/2022",33,42,0.532,"DCL","ALIVE",NA,0,0,0,0,"","","",2020-05-31,"8:48","3",59,"M","N",41,67,1.366,28,"high",100,"T2",842.61,"2",0.44,5,198.22,"750ul media",22,168,72810,"A",0.3793,2.8508,0.4369,11.6801,1.1519,0.3365,0.2921,"750ul media",121,189,484,0.0475206611570248,0.00255578512396694,0.0950413223140496,0.00252892561983471,0.0316804407713499,0.00256473829201102,0.00716666666666667,0.0147457627118644,0.0161212121212121,0.0333170731707317,-2.04794287462046,2.89037175789616,-0.832409247893453,3.38439026334577,-0.631111789640493,3.49650756146648,0.311886761148598,3.71357206670431,0.118606163194545,0.427274026540045,0.470051853045724,1.44715521557434
"12","LD734_21","EG734_21","LD734_21","CL211_21","E018_M","delicata","C_28_Topical","28","control","31/01/2022","2021/22","1/01/2022",1,30,31,0.147,8.54,5.94,0.112,18,22,"3/06/2022",30,42,0.455,"LD734_21","10/08/2022",35,48,0.66,"DCL","ALIVE",NA,0,0,0,0,"","","",2020-05-30,"8:51","3",52,"F","N",42,63,1.645,28,"control",120,"",NA,"2",0.82,5,188.05,"",24,217,72810,"B",0.5764,3.8559,0.4774,43.6409,0.8282,0.1883,0.2274,"",123,191,485,0.0494845360824742,0.00316082474226804,0.0975609756097561,0.00278861788617886,0.0331491712707182,0.00328729281767956,0.00622222222222222,0.0151666666666667,0.0188571428571429,0.0391666666666667,-2.18925640768704,2.89037175789616,-0.787457860031187,3.40119738166216,-0.415515443961666,3.55534806148941,0.497740384217335,3.73766961828337,0.102975893626272,0.428149279719446,0.500625564331727,1.62634611179057
"13","LD735_21","EG735_21","LD735_21","CL212_21","E025_M","delicata","C_28_Topical","28","control","2/02/2022","2021/22","1/01/2022",1,32,33,0.177,8.42,6.61,0.152,19,25,"3/06/2022",35.3,52,0.674,"LD735_21","10/08/2022",39,62,1.009,"DCL","ALIVE",NA,0,0,0,0,"","","",2020-05-31,"9:01","4",62,"M","N",46,70,2.059,28,"control",136,"T2",1171.54,"2",0.84,5,304.38,"1000ul media",17,218,72809,"B",0.4835,3.3835,0.4381,21.8676,0.9061,0.2921,0.3223,"1000ul media",121,189,484,0.0557851239669422,0.0039400826446281,0.134710743801653,0.00431404958677686,0.0294765840220386,0.00381542699724518,0.008,0.0190934844192635,0.0258717948717949,0.0447608695652174,-1.88387475813586,2.94443897916644,-0.39452516806983,3.56388296393925,0.0089597413714718,3.66356164612965,0.722220428045652,3.8286413964891,0.123317981624364,0.418678226372255,0.578085635110056,1.56813544147387
"14","LD736_21","EG736_21","LD736_21","CL212_21","E025_M","delicata","CORT_28_5pg_Topical","28","low","1/02/2022","2021/22","1/01/2022",1,31,32,0.164,7.61,6.67,0.138,19,26,"3/06/2022",29,48,0.485,"LD736_21","10/08/2022",33,48,0.639,"PR","ALIVE",NA,0,0,0,0,"","","",2020-05-16,"9:24","5",9,"M","N",41,63,1.28,28,"low",136,"T1",780.08,"1",0.42,5,204.37,"",23,207,72810,"A",0.5124,2.2839,0.2827,54.6024,0.5517,0.2452,0.4444,"the values for basal seem very high for these two samples which were the first ones we did, perhaps eliminate?",122,190,470,0.0468085106382979,0.00242978723404255,0.0819672131147541,0.00284426229508197,0.0344827586206897,0.00228448275862069,0.00726315789473684,0.0167241379310345,0.0193636363636364,0.031219512195122,-1.98050159382493,2.94443897916644,-0.723606388044654,3.36729582998647,-0.447850824604602,3.49650756146648,0.246860077931526,3.71357206670431,0.111959746474751,0.497635009000056,0.564592357323717,1.35604588282223
"15","LD737_21","EG737_21","LD737_21","CL212_21","E025_M","delicata","C_23_Topical","23","control","21/02/2022","2021/22","1/01/2022",1,51,52,0.162,7.84,6.64,0.137,19,26,"3/06/2022",36,49,0.74,"LD737_21","10/08/2022",41,57,1.027,"DCL","ALIVE",NA,0,0,0,0,"","","",2020-05-23,"9:04","6",36,"F","N",48,73,2.202,NA,"",248,"",NA,"1",0.63,5,205.57,"larger liver dilute in 600ul",15,318,72810,"B",0.3523,2.463,0.2398,25.2121,0.6807,0.1936,0.2844,"larger liver dilute in 600ul",102,170,457,0.0634573304157549,0.00451859956236324,0.166666666666667,0.00591176470588235,0.0338028169014084,0.00411830985915493,0.00721052631578947,0.0205555555555556,0.0250487804878049,0.045875,-1.98777435315401,2.94443897916644,-0.301105092783922,3.58351893845611,0.0266419309464211,3.71357206670431,0.789366038300488,3.87120101090789,0.111148443964065,0.437202400536483,0.516833520139415,1.48432757351339
"16","LD738_21","EG738_21","LD738_21","CL212_21","E025_M","delicata","CORT_23_5pg_Topical","23","low","21/02/2022","2021/22","1/01/2022",1,51,52,0.165,8.48,6.56,0.137,18,27,"3/06/2022",29.5,44,0.469,"LD738_21",NA,NA,NA,NA,"","ALIVE",NA,0,0,0,0,"","","",2020-05-16,"9:30","7",10,"F","N",46,69,1.92,23,"low",120,"",NA,"1",0.54,5,446.2,"",24,186,72810,"B",0.6271,5.3176,0.5002,71.1081,0.7976,0.2363,0.2963,"",102,170,450,0.0622222222222222,0.00396222222222222,0.112745098039216,0.00325490196078431,0.0474137931034483,0.00416954022988506,0.00761111111111111,0.0158983050847458,NA,0.0417391304347826,-1.98777435315401,2.89037175789616,-0.757152510535858,3.38439026334577,NA,NA,0.65232518603969,3.8286413964891,0.12596158416785,0.460670157350071,NA,1.46227297116553
"17","LD739_21","EG739_21","LD739_21","CL212_21","E025_M","delicata","CORT_23_10pg_Topical","23","high","18/02/2022","2021/22","1/01/2022",1,48,49,0.175,8.28,6.42,0.13,16,24,"3/06/2022",33.5,51,0.674,"LD739_21","10/08/2022",36,59,0.927,"","ALIVE",NA,0,0,0,0,"","","",2020-05-17,"13:40","7",16,"F","N",43,72,1.838,23,"high",137,"",NA,NA,NA,3,153.11,"",22,209,72810,"B",0.3494,3.3118,0.2797,13.8828,0.8007,0.1755,0.2191,"",105,173,454,0.0594713656387665,0.00376211453744493,0.166666666666667,0.00518095238095238,0.0272206303724928,0.0033352435530086,0.008125,0.0201194029850746,0.02575,0.0427441860465116,-2.04022082852655,2.77258872223978,-0.39452516806983,3.51154543883102,-0.0758017134162818,3.58351893845611,0.608678023933495,3.76120011569356,0.156973623599377,0.478525413325827,0.653616966479282,1.69856274932767
"18","LD740_21","EG740_21","LD740_21","CL213_21","E026_M","delicata","C_28_Topical","28","control",NA,"2021/22","1/01/2022",1,NA,NA,0.18,8.3,6.6,0.136,18,27,"3/06/2022",28.5,42,0.358,"LD740_21","10/08/2022",27,41,0.327,"PR","DEAD","9/09/2022",0,0,0,0,"","","hatchling died 9/9/2022",NA,NA,NA,NA,NA,NA,NA,NA,NA,NA,NA,NA,NA,NA,NA,NA,NA,NA,NA,NA,NA,NA,NA,NA,NA,NA,NA,NA,NA,NA,NA,NA,NA,NA,NA,NA,NA,NA,NA,NA,0.00755555555555556,0.0125614035087719,0.0121111111111111,NA,-1.99510039324608,2.89037175789616,-1.02722229258144,3.3499040872746,-1.11779510808488,3.29583686600433,NA,NA,0.125042156546187,0.384002259697691,0.486153482395682,NA
"19","LD742_21","EG742_21","LD742_21","CL213_21","E026_M","delicata","CORT_28_5pg_Topical","28","low","3/02/2022","2021/22","1/01/2022",1,33,34,0.184,8.6,6.57,0.136,17,28,"3/06/2022",28,42,0.451,"LD742_21","10/08/2022",30,44,0.51,"PR","ALIVE",NA,0,0,0,0,"","","",2020-06-08,"9:11","5",94,"M","N",39,62,1.239,28,"low",115,"T2",937.18,"3",0.66,5,189,"",19,196,72809,"B",0.1687,1.6873,0.1735,30.5721,1.0286,0.1391,0.1353,"FCCP measurement not flat",120,188,491,0.044806517311609,0.00224643584521385,0.0916666666666667,0.002625,0.0296495956873315,0.00212398921832884,0.008,0.0161071428571429,0.017,0.0317692307692308,-1.99510039324608,2.83321334405622,-0.796287939479459,3.3322045101752,-0.673344553263766,3.40119738166216,0.214304602647005,3.66356164612965,0.142724216863287,0.506116091885717,0.576953510746323,1.51506641486192
"20","LD743_21","EG743_21","LD743_21","CL213_21","E026_M","delicata","C_23_Topical","23","control",NA,"2021/22","1/01/2022",1,NA,NA,0.187,8.35,6.8,0.139,19,27,"3/06/2022",26,38,0.304,"LD743_21","10/08/2022",27,36,0.368,"DCL","ALIVE",NA,0,0,0,0,"","","",2020-05-22,"10:40","6",27,"M","N",39,60,1.27,23,"control",104,"T1",726.67,"1",0.66,5,112.3,"",30,199,72810,"A",0.1869,1.9772,0.2456,NA,1.314,NA,NA,"no FCCP injected?",NA,NA,NA,NA,NA,NA,NA,NA,NA,0.00731578947368421,0.0116923076923077,0.0136296296296296,0.0325641025641026,-1.97328134585145,2.94443897916644,-1.19072757757592,3.25809653802148,-0.999672340813206,3.29583686600433,0.2390169004705,3.66356164612965,0.112771048985438,0.412199906387203,0.547108506182297,1.55297364558082
"21","LD744_21","EG744_21","LD744_21","CL214_21","E007_F120","delicata","C_28_Topical","28","control","6/02/2022","2021/22","1/01/2022",1,36,37,0.119,9.16,5.48,0.138,19,27,"3/06/2022",28.5,43,0.47,"LD744_21","10/08/2022",31,46,0.563,"PR","ALIVE",NA,0,0,0,0,"","","",2020-05-19,"9:53","6",22,"F","N",42,65,1.555,28,"control",125,"",NA,"1",0.64,5,144.84,"",20,209,72809,"B",0.0889,0.9404,0.1814,10.2595,2.0412,0.2472,0.1211,"",117,185,468,0.0491452991452991,0.00302777777777778,0.0811965811965812,0.00283760683760684,0.0384615384615385,0.00309116809116809,0.00726315789473684,0.0164912280701754,0.0181612903225806,0.0370238095238095,-1.98050159382493,2.94443897916644,-0.755022584278033,3.3499040872746,-0.574475650842447,3.43398720448515,0.441475545631197,3.73766961828337,0.111959746474751,0.50413704485451,0.58499447686387,1.53736668926099
"22","LD746_21","EG746_21","LD746_21","CL214_21","E007_F120","delicata","C_23_Topical","23","control","23/02/2022","2021/22","1/01/2022",1,53,54,0.119,8.68,5.49,0.129,17,25,"3/06/2022",31,45,0.496,"LD746_21","10/08/2022",34,54,0.742,"PR","ALIVE",NA,0,0,0,0,"","","",NA,NA,NA,NA,NA,NA,NA,NA,NA,NA,NA,NA,NA,NA,NA,NA,NA,NA,NA,NA,NA,NA,NA,NA,NA,NA,NA,NA,NA,NA,NA,100,168,NA,NA,NA,0.14,0.00367,NA,NA,0.00758823529411765,0.016,0.0218235294117647,NA,-2.04794287462046,2.83321334405622,-0.70117935225721,3.43398720448515,-0.298406035814757,3.52636052461616,NA,NA,0.135378117465912,0.429252331984808,0.606761762406844,NA
"23","LD747_21","EG747_21","LD747_21","CL214_21","E007_F120","delicata","CORT_23_5pg_Topical","23","low","24/02/2022","2021/22","1/01/2022",1,54,55,0.115,8.83,5.21,0.131,17,23,"3/06/2022",30.5,45,0.518,"LD747_21","10/08/2022",33,49,0.778,"PR","ALIVE",NA,0,0,0,0,"","","",2020-05-19,"14:09","6",24,"M","N",42,66,1.569,23,"low",147,"T1",977.93,"1",0.53,5,111.13,"spinal fluid in blood sample",17,251,72810,"B",0.273,1.4054,0.2239,6.4716,0.8204,0.3249,0.3961,"spinal fluid in blood sample",99,167,450,0.0555555555555556,0.00319555555555556,0.136363636363636,0.00390909090909091,0.0327635327635328,0.00299430199430199,0.00770588235294118,0.016983606557377,0.0235757575757576,0.0373571428571429,-2.03255795578099,2.83321334405622,-0.657780036722654,3.41772668361337,-0.251028754803745,3.49650756146648,0.450438473750896,3.73766961828337,0.137477003008019,0.467291810570423,0.687406657273634,1.55120793276559
"24","LD748_21","EG748_21","LD748_21","CL215_21","E017_M","delicata","CORT_23_10pg_Topical","23","high","23/02/2022","2021/22","1/01/2022",1,53,54,0.157,8,6.37,0.136,19,24,"3/06/2022",29.5,43,0.458,"LD748_21","10/08/2022",32,41,0.641,"DCL","ALIVE",NA,0,0,0,0,"","","",2020-06-01,"9:24","4",70,"M","N",44,62,1.385,23,"high",310,"T2",593.52,NA,NA,3,59.61,"took ages to be euthanized",35,497,72809,"B",0.5624,2.7288,0.3445,8.735,0.6125,0.2472,0.4036,"took ages to be euthanized",100,168,464,0.0538793103448276,0.00269181034482759,0.105,0.00322,0.0398351648351648,0.0025467032967033,0.00715789473684211,0.0155254237288136,0.02003125,0.0314772727272727,-1.99510039324608,2.94443897916644,-0.780886094867952,3.38439026334577,-0.444725822061467,3.46573590279973,0.325700139639302,3.78418963391826,0.110337141453378,0.449865526793886,0.61340402540822,1.19825362801794
"25","LD749_21","EG749_21","LD749_21","CL215_21","E017_M","delicata","CORT_28_10pg_Topical","28","high","4/02/2022","2021/22","1/01/2022",1,34,35,0.152,8.46,6.22,0.111,18,24,"3/06/2022",32,44.5,0.508,"LD749_21",NA,NA,NA,NA,"","ALIVE",NA,0,0,0,0,"","","",2020-05-23,"8:59","6",35,"M","N",40,60,1.284,28,"high",122,"T1",831.64,"1",0.7,5,127.28,"",27,232,72810,"A",0.2794,1.8511,0.3441,16.2875,1.2315,0.2849,0.2314,"",119,187,474,0.0464135021097046,0.0024746835443038,0.117647058823529,0.00333613445378151,0.0225352112676056,0.00218591549295775,0.00616666666666667,0.015875,NA,0.0321,-2.1982250776698,2.89037175789616,-0.677273831403655,3.46573590279973,NA,NA,0.249980205267769,3.68887945411394,0.102056466004609,0.405411552388797,NA,1.46011822985404
"26","LD750_21","EG750_21","LD750_21","CL215_21","E017_M","delicata","C_23_Topical","23","control","22/02/2022","2021/22","1/01/2022",1,52,53,0.151,8.64,5.99,0.145,18,26,"3/06/2022",29,42,0.47,"LD750_21","10/08/2022",32,54,0.6,"DCL","DEAD","13/08/2022",0,0,0,0,"","","animal died 13/08/2022",NA,NA,NA,NA,NA,NA,NA,NA,NA,NA,NA,NA,NA,NA,NA,NA,NA,NA,NA,NA,NA,NA,NA,NA,NA,NA,NA,NA,NA,NA,NA,101,169,NA,NA,NA,0.108910891089109,0.00321782178217822,NA,NA,0.00805555555555556,0.0162068965517241,0.01875,NA,-1.93102153656156,2.89037175789616,-0.755022584278033,3.36729582998647,-0.510825623765991,3.46573590279973,NA,NA,0.133317005141155,0.482244235525828,0.574169134547476,NA
"27","LD751_21","EG751_21","LD751_21","CL215_21","E017_M","delicata","C_28_Topical","28","control","2/02/2022","2021/22","1/01/2022",1,32,33,0.154,8.4,6.44,0.131,19,25,"3/06/2022",30.5,40,0.52,"LD751_21","10/08/2022",33,44,0.72,"PR","ALIVE",NA,0,0,0,0,"","","",2020-05-17,"10:12","7",13,"F","N",40,57,1.278,28,"control",120,"",NA,"1",0.59,5,162.42,"1000ul sample for bradford",21,202,72809,"A",0.321,1.0733,0.3243,12.6409,1.0103,0.444,0.4395,"1000ul sample for bradford",121,189,470,0.0446808510638298,0.00244042553191489,0.0950413223140496,0.00321487603305785,0.0272206303724928,0.00217191977077364,0.00689473684210526,0.0170491803278689,0.0218181818181818,0.03195,-2.03255795578099,2.94443897916644,-0.653926467406664,3.41772668361337,-0.328504066972036,3.49650756146648,0.245296355955343,3.68887945411394,0.106280628899945,0.46909602605525,0.636160402618273,1.45329524747154
"28","LD753_21","EG753_21","LD753_21","CL216_21","E014_M","delicata","CORT_23_5pg_Topical","23","low","20/02/2022","2021/22","1/01/2022",1,50,51,0.165,9.29,6.18,0.134,18,28,"3/06/2022",30,44,0.486,"LD753_21","10/08/2022",32,53,0.656,"DCL","ALIVE",NA,0,0,0,0,"","","",2020-05-23,"14:27","3",40,"F","N",44,70,1.86,23,"low",115,"",NA,"2",0.64,5,343.01,"",21,191,72810,"B",0.2455,1.9151,0.2225,28.3911,0.9063,0.1835,0.2024,"",103,171,458,0.0567685589519651,0.00376855895196507,0.116504854368932,0.00341747572815534,0.0394366197183099,0.00387042253521127,0.00744444444444444,0.0162,0.0205,0.0422727272727273,-2.00991547903123,2.89037175789616,-0.721546655081643,3.40119738166216,-0.421594490038048,3.46573590279973,0.62057648772511,3.78418963391826,0.123203301302861,0.457319889986046,0.627758253771907,1.609207038349
"29","LD754_21","EG754_21","LD754_21","CL216_21","E014_M","delicata","C_23_Topical","23","control","20/02/2022","2021/22","1/01/2022",1,50,51,0.161,8.61,6.49,0.131,19,26,"3/06/2022",31,42,0.547,"LD754_21","10/08/2022",33,61,0.72,"DCL","ALIVE",NA,0,0,0,0,"","","",2020-06-06,"9:05","4",78,"M","N",42,71,1.514,23,"control",140,"T2",934.91,"4",0.5,5,202.83,"",22,221,72809,"B",0.254,3.9343,0.3398,11.3306,1.338,0.1646,0.123,"",103,171,472,0.048728813559322,0.00293008474576271,0.116504854368932,0.00403883495145631,0.029810298102981,0.00262059620596206,0.00689473684210526,0.0176451612903226,0.0218181818181818,0.036047619047619,-2.03255795578099,2.94443897916644,-0.603306476560156,3.43398720448515,-0.328504066972036,3.49650756146648,0.414755155015257,3.73766961828337,0.106280628899945,0.47338916450744,0.636160402618273,1.49683161899752
"30","LD755_21","EG755_21","LD755_21","CL216_21","E014_M","delicata","CORT_28_5pg_Topical","28","low","2/02/2022","2021/22","1/01/2022",1,32,33,0.171,9.07,6.25,0.129,19,21,"3/06/2022",32.5,48,0.603,"LD755_21","10/08/2022",38,63,0.899,"DCL","ALIVE",NA,0,0,0,0,"","","",2020-05-23,"9:15","6",38,"F","N",45,68,2.06,28,"low",123,"",NA,NA,NA,5,132.97,"large liver dilute in 600ul; sample ID 38 redone at 12:30 in 072810, chamber A",19,199,72809,"A",0.4215,1.3543,0.4326,8.2798,1.0264,0.373,0.3635,"large liver dilute in 600ul; sample ID 38 redone at 12:30 in 072810, chamber A",121,189,476,0.0546218487394958,0.00405672268907563,0.111570247933884,0.00391735537190083,0.0352112676056338,0.00410422535211268,0.00678947368421053,0.0185538461538462,0.0236578947368421,0.0457777777777778,-2.04794287462046,2.94443897916644,-0.505838082254952,3.48124008933569,-0.106472244510517,3.63758615972639,0.72270598280149,3.80666248977032,0.104658023878572,0.462552268867959,0.55095204673934,1.67098547835929
"31","LD756_21","EG756_21","LD756_21","CL216_21","E014_M","delicata","C_28_Topical","28","control","4/02/2022","2021/22","1/01/2022",1,34,35,0.18,9.3,6.5,0.115,16,26,"3/06/2022",30,44,0.47,"LD756_21","10/08/2022",33,55,0.739,"DCL","ALIVE",NA,0,0,0,0,"","","",2020-06-01,"13:42","4",74,"F","N",45,68,1.837,28,"control",140,"",NA,NA,NA,5,172.12,"big liver 750ul; chamber failed",26,288,72809,"B",NA,NA,NA,NA,NA,NA,NA,"big liver 750ul; chamber failed",119,187,483,0.0600414078674948,0.00356521739130435,0.117647058823529,0.00298319327731092,0.0412087912087912,0.00375549450549451,0.0071875,0.0156666666666667,0.0223939393939394,0.0408222222222222,-2.16282315061889,2.77258872223978,-0.755022584278033,3.40119738166216,-0.302457358033935,3.49650756146648,0.608133806232989,3.80666248977032,0.138861282414833,0.442264091138769,0.652947968798478,1.4900972445369
"32","LD757_21","EG757_21","LD757_21","CL217_21","E014_M","delicata","CORT_28_10pg_Topical","28","high","3/02/2022","2021/22","1/01/2022",1,33,34,0.105,8.48,5.05,0.106,16,24,NA,NA,NA,NA,"LD757_21",NA,NA,NA,NA,"","DEAD","3/02/2022",0,0,0,0,"","died after hatching; 3/2/22","died after hatching; 3/2/22",NA,NA,NA,NA,NA,NA,NA,NA,NA,NA,NA,NA,NA,NA,NA,NA,NA,NA,NA,NA,NA,NA,NA,NA,NA,NA,NA,NA,NA,NA,NA,120,188,NA,NA,NA,NA,NA,NA,NA,0.006625,NA,NA,NA,-2.24431618487007,2.77258872223978,NA,NA,NA,NA,NA,NA,0.127993877704107,NA,NA,NA
"33","LD758_21","EG758_21","LD758_21","CL217_21","E014_M","delicata","CORT_28_5pg_Topical","28","low","4/02/2022","2021/22","1/01/2022",1,34,35,0.11,7.78,5.23,0.101,17,24,"3/06/2022",29,43,0.452,"LD758_21","10/08/2022",32,43,0.709,"PR","ALIVE",NA,0,0,0,0,"","","",2020-05-22,"14:37","6",31,"M","N",39,58,1.228,28,"low",109,"T1",684.96,NA,NA,4,70.84,"",27,209,72810,"A",0.1526,0.3354,0.0361,2.0937,0.2364,0.1575,0.666,"",119,187,473,0.0465116279069767,0.00238266384778013,0.100840336134454,0.00294957983193277,0.0282485875706215,0.00219209039548023,0.00594117647058824,0.0155862068965517,0.02215625,0.0314871794871795,-2.29263476214088,2.83321334405622,-0.794073099149906,3.36729582998647,-0.34389975245001,3.46573590279973,0.205386829724951,3.66356164612965,0.105993719876411,0.463775307356753,0.678476527323601,1.50161546202618
"34","LD759_21","EG759_21","LD759_21","CL217_21","E014_M","delicata","C_28_Topical","28","control","3/02/2022","2021/22","1/01/2022",1,33,34,0.113,7.7,5.34,0.121,17,26,NA,NA,NA,NA,"LD759_21",NA,NA,NA,NA,"","ALIVE",NA,0,0,0,0,"","","",NA,NA,NA,NA,NA,NA,NA,NA,NA,NA,NA,NA,NA,NA,NA,NA,NA,NA,NA,NA,NA,NA,NA,NA,NA,NA,NA,NA,NA,NA,NA,120,188,NA,NA,NA,NA,NA,NA,NA,0.00711764705882353,NA,NA,NA,-2.1119647333854,2.83321334405622,NA,NA,NA,NA,NA,NA,0.126982575297483,NA,NA,NA
"35","LD760_21","EG760_21","LD760_21","CL217_21","E014_M","delicata","C_23_Topical","23","control","22/02/2022","2021/22","1/01/2022",1,52,53,0.114,8.09,5.35,0.138,18,24,"3/06/2022",27.5,42,0.478,"LD760_21","10/08/2022",31,46,0.622,"PR","ALIVE",NA,0,0,0,0,"","","",NA,NA,NA,NA,NA,NA,NA,NA,NA,NA,NA,NA,NA,NA,NA,NA,NA,NA,NA,NA,NA,NA,NA,NA,NA,NA,NA,NA,NA,NA,NA,101,169,NA,NA,NA,0.0940594059405941,0.00336633663366337,NA,NA,0.00766666666666667,0.0173818181818182,0.0200645161290323,NA,-1.98050159382493,2.89037175789616,-0.738144546490681,3.31418600467253,-0.474815186242958,3.43398720448515,NA,NA,0.126881011789513,0.561665741376143,0.646299404279444,NA
"36","LD762_21","EG762_21","LD762_21","CL218_21","E025_M","delicata","CORT_28_5pg_Topical","28","low","3/02/2022","2021/22","5/01/2022",5,29,34,0.156,8.92,5.78,0.122,18,24,NA,NA,NA,NA,"LD762_21",NA,NA,NA,NA,"","DEAD","4/02/2022",0,0,0,0,"","died after hatching; 4/2/22","died after hatching; 4/2/22",NA,NA,NA,NA,NA,NA,NA,NA,NA,NA,NA,NA,NA,NA,NA,NA,NA,NA,NA,NA,NA,NA,NA,NA,NA,NA,NA,NA,NA,NA,NA,120,188,NA,NA,NA,NA,NA,NA,NA,0.00677777777777778,NA,NA,NA,-2.10373423424888,2.89037175789616,NA,NA,NA,NA,NA,NA,0.112170169842903,NA,NA,NA
"37","LD763_21","EG763_21","LD763_21","CL218_21","E025_M","delicata","CORT_28_10pg_Topical","28","high","4/02/2022","2021/22","5/01/2022",5,30,35,0.151,8.91,5.83,0.12,16,27,"3/06/2022",33,52,0.621,"LD763_21",NA,NA,NA,NA,"","ALIVE",NA,0,0,0,0,"","","",NA,NA,NA,NA,NA,NA,NA,NA,NA,NA,NA,NA,NA,NA,NA,NA,NA,NA,NA,NA,NA,NA,NA,NA,NA,NA,NA,NA,NA,NA,NA,119,187,NA,NA,NA,0.142857142857143,0.00421008403361345,NA,NA,0.0075,0.0188181818181818,NA,NA,-2.12026353620009,2.77258872223978,-0.476424197048658,3.49650756146648,NA,NA,NA,NA,0.144898729476348,0.458150996628529,NA,NA
"38","LD764_21","EG764_21","LD764_21","CL218_21","E025_M","delicata","C_23_Topical","23","control","24/02/2022","2021/22","5/01/2022",5,50,55,0.139,8.08,5.94,0.127,18,27,"3/06/2022",28,37,0.409,"LD764_21",NA,NA,NA,NA,"","ALIVE",NA,0,0,0,0,"","","",2020-05-31,"8:57","4",61,"F","N",43,63,1.597,23,"control",151,"",NA,"2",0.83,5,313.9,"750ul media",19,228,72809,"A",0.2307,1.6593,0.1837,7.8395,0.7963,0.2801,0.3518,"750ul media",99,167,462,0.0541125541125541,0.00318181818181818,0.101010101010101,0.00284848484848485,0.0413223140495868,0.00327272727272727,0.00705555555555556,0.0146071428571429,NA,0.0371395348837209,-2.06356819252355,2.89037175789616,-0.894040122939335,3.3322045101752,NA,NA,0.468126869232875,3.76120011569356,0.116767307951219,0.458983329448466,NA,1.47584587087937
"39","LD765_21","EG765_21","LD765_21","CL218_21","E025_M","delicata","CORT_23_5pg_Topical","23","low","24/02/2022","2021/22","5/01/2022",5,50,55,0.156,8.63,5.63,0.136,18,27,"3/06/2022",30,44,0.482,"LD765_21","10/08/2022",31,43,0.603,"PR","ALIVE",NA,0,0,0,0,"","","",2020-05-17,"13:44","7",17,"M","N",40,61,1.278,23,"low",99,"T1",673.03,"1",0.53,5,112.33,"small pellet",22,194,72809,"A",0.3828,1.3667,0.3216,6.873,0.8401,0.3192,0.38,"small pellet",99,167,448,0.0491071428571429,0.00254910714285714,0.121212121212121,0.0034949494949495,0.0286532951289398,0.00228080229226361,0.00755555555555556,0.0160666666666667,0.0194516129032258,0.03195,-1.99510039324608,2.89037175789616,-0.729811164931537,3.40119738166216,-0.505838082254952,3.43398720448515,0.245296355955343,3.68887945411394,0.125042156546187,0.453555940274227,0.626557139518496,1.45329524747154
"40","LD767_21","EG767_21","LD767_21","CL219_21","E004_F120","delicata","CORT_23_10pg_Topical","23","high","24/02/2022","2021/22","5/01/2022",5,50,55,0.177,9.16,6.25,0.122,16,25,"3/06/2022",30,42,0.422,"LD767_21",NA,NA,NA,NA,"","ALIVE",NA,0,0,0,0,"","","",2020-05-17,"10:04","7",11,"M","N",41,49,1.388,23,"high",124,"T1",1105.05,"1",0.63,5,172.11,"dropped tail; 1000ul of sample bradford",31,198,72810,"A",0.2742,1.7082,0.3107,29.3448,1.1332,0.2267,0.2,"dropped tail; 1000ul of sample bradford",99,167,448,0.0558035714285714,0.00282589285714286,0.141414141414141,0.00303030303030303,0.0315186246418338,0.00276790830945559,0.007625,0.0140666666666667,NA,0.0338536585365854,-2.10373423424888,2.77258872223978,-0.862749964946125,3.40119738166216,NA,NA,0.327863862084613,3.71357206670431,0.147313708300953,0.397096694596937,NA,1.47046225418535
"41","LD768_21","EG768_21","LD768_21","CL219_21","E004_F120","delicata","CORT_23_5pg_Topical","23","low","21/02/2022","2021/22","5/01/2022",5,47,52,0.182,9.24,6,0.138,18,23,"3/06/2022",30,49.5,0.558,"LD768_21",NA,NA,NA,NA,"","ALIVE",NA,0,0,0,0,"","","",2020-05-22,"14:49","6",34,"F","N",46,71,2.041,23,"low",107,"",NA,"1",0.43,5,140.88,"sample was diluted (see Oro notes)",23,185,72809,"B",0.1455,0.933,0.1764,7.4059,1.2124,0.3831,0.316,"sample was diluted (see Oro notes)",102,170,456,0.0614035087719298,0.00417324561403509,0.117647058823529,0.00411764705882353,0.0451977401129944,0.00418926553672316,0.00766666666666667,0.0186,NA,0.0443695652173913,-1.98050159382493,2.89037175789616,-0.583396316600826,3.40119738166216,NA,NA,0.713439883827708,3.8286413964891,0.126881011789513,0.525070984798794,NA,1.55442663236919
"42","LD769_21","EG769_21","LD769_21","CL219_21","E004_F120","delicata","C_23_Topical","23","control","21/02/2022","2021/22","5/01/2022",5,47,52,0.19,9.9,6.16,0.142,18,27,"3/06/2022",30,46,0.502,"LD769_21","10/08/2022",34,33,0.668,"DCL","ALIVE",NA,0,0,0,0,"","","",2020-05-19,"14:19","6",26,"M","N",42,60,1.452,23,"control",97,"T1",514.54,"1",0.41,5,58.55,"",21,215,72809,"B",0.2084,1.7299,0.2373,10.8643,1.1386,0.2304,0.2023,"",102,170,453,0.0529801324503311,0.00289183222958057,0.117647058823529,0.00352941176470588,0.0341880341880342,0.00270655270655271,0.00788888888888889,0.0167333333333333,0.0196470588235294,0.0345714285714286,-1.95192822138088,2.89037175789616,-0.689155159290408,3.40119738166216,-0.403467105445491,3.52636052461616,0.372941916402604,3.73766961828337,0.130558722276166,0.472375688833323,0.546249133811014,1.43553468347714
"43","LD770_21","EG770_21","LD770_21","CL219_21","E004_F120","delicata","C_28_Topical","28","control","3/02/2022","2021/22","5/01/2022",5,29,34,0.152,8.15,6.04,0.102,18,27,"3/06/2022",29,46,0.569,"LD770_21","10/08/2022",37,61,0.825,"DCL","ALIVE",NA,0,0,0,0,"","","",2020-05-17,"13:32","7",15,"F","N",48,70,2.154,28,"control",348,"",NA,"1",0.64,5,183.51,"injected twice",17,421,72810,"A",0.3177,3.203,0.3385,36.9986,1.0656,0.146,0.137,"injected twice",120,188,469,0.0639658848614073,0.00437526652452026,0.0916666666666667,0.00389166666666667,0.0544412607449857,0.00454154727793696,0.00566666666666667,0.0196206896551724,0.0222972972972973,0.044875,-2.28278246569787,2.89037175789616,-0.563874844855806,3.36729582998647,-0.192371892647456,3.61091791264422,0.767326578734197,3.87120101090789,0.0937816174096403,0.583823340455736,0.541802904704188,1.45197165910438
"44","LD771_21","EG771_21","LD771_21","CL219_21","E004_F120","delicata","CORT_28_10pg_Topical","28","high","3/02/2022","2021/22","5/01/2022",5,29,34,0.19,8.45,6.67,0.121,18,26,"3/06/2022",32,45,0.524,"LD771_21","10/08/2022",35,56,0.756,"DCL","ALIVE",NA,0,0,0,0,"","","",NA,NA,NA,NA,NA,NA,NA,NA,NA,NA,NA,NA,NA,NA,NA,NA,NA,NA,NA,NA,NA,NA,NA,NA,NA,NA,NA,NA,NA,NA,NA,120,188,NA,NA,NA,0.116666666666667,0.00335833333333333,NA,NA,0.00672222222222222,0.016375,0.0216,NA,-2.1119647333854,2.89037175789616,-0.646263594661095,3.46573590279973,-0.279713902802604,3.55534806148941,NA,NA,0.11125074222124,0.41818042018057,0.573443828234523,NA
"45","LD772_21","EG772_21","LD772_21","CL219_21","E004_F120","delicata","CORT_28_5pg_Topical","28","low","4/02/2022","2021/22","5/01/2022",5,30,35,0.174,8.85,6.07,0.098,19,24,"3/06/2022",34,42.5,0.649,"LD772_21","10/08/2022",40,51,1.013,"DCL","ALIVE",NA,0,0,0,0,"","","",2020-06-01,"9:08","4",68,"F","N",45,61,1.628,28,"low",168,"",NA,"4",0.41,5,556.56,"",40,327,72810,"B",0.219,1.2129,0.1865,10.2596,0.852,0.3133,0.3678,"",119,187,483,0.0538302277432712,0.00316770186335404,0.126050420168067,0.00463025210084034,0.0302197802197802,0.00268956043956044,0.0051578947368421,0.0190882352941176,0.025325,0.0361777777777778,-2.32278780031156,2.94443897916644,-0.432322562278047,3.52636052461616,0.0129162252665462,3.68887945411394,0.487352267580348,3.80666248977032,0.0795076460472871,0.443674923366887,0.543498092429451,1.32056522270336
"46","LD774_21","EG774_21","LD774_21","CL220_21","E019_M","delicata","CORT_28_10pg_Topical","28","high","3/02/2022","2021/22","5/01/2022",5,29,34,0.158,8.27,6.17,0.112,17,22,"3/06/2022",27.7,38,0.406,"LD774_21","10/08/2022",29,40,0.488,"DCL","ALIVE",NA,0,0,0,0,"","","",2020-05-17,"10:08","7",12,"M","N",37,59,1.255,28,"high",141,"T1",795.31,"1",0.51,5,155.45,"1000ul sample for bradford",20,207,72810,"B",0.4678,2.2267,0.382,28.4375,0.8165,0.2918,0.3573,"1000ul sample for bradford",120,188,469,0.0426439232409382,0.00243710021321962,0.0891666666666667,0.00245,0.026647564469914,0.00243266475644699,0.00658823529411765,0.0146570397111913,0.0168275862068966,0.0339189189189189,-2.18925640768704,2.83321334405622,-0.901402119380404,3.32143241319329,-0.71743987312899,3.36729582998647,0.227135572583747,3.61091791264422,0.117537590358001,0.468319512911688,0.602795147314206,1.78476175655941
"47","LD775_21","EG775_21","LD775_21","CL220_21","E019_M","delicata","C_23_Topical","23","control","20/02/2022","2021/22","5/01/2022",5,46,51,0.165,8.11,6.32,0.122,16,23,"3/06/2022",27,35,0.35,"LD775_21","10/08/2022",27,38,0.4,"PR","ALIVE",NA,0,0,0,0,"","","",2020-05-17,"13:48","6",18,"F","N",40,68,1.277,23,"control",113,"",NA,"1",0.58,5,99.28,"",19,183,72809,"B",0.1913,1.1773,0.2471,12.4246,1.2917,0.2461,0.1905,"",103,171,452,0.0530973451327434,0.00255530973451327,0.106796116504854,0.00221359223300971,0.0372492836676218,0.00265616045845272,0.007625,0.012962962962963,0.0148148148148148,0.031925,-2.10373423424888,2.77258872223978,-1.04982212449868,3.29583686600433,-0.916290731874155,3.29583686600433,0.244513577050402,3.68887945411394,0.147313708300953,0.430983930643937,0.594683158893801,1.45215808374113
"48","LD779_21","EG779_21","LD779_21","CL221_21","E018_M","delicata","CORT_23_5pg_Topical","23","low","27/02/2022","2021/22","7/01/2022",7,51,58,0.145,7.83,5.92,0.127,18,27,"3/06/2022",25.5,34,0.318,"LD779_21",NA,NA,NA,NA,"","ALIVE",NA,0,0,0,0,"","","",NA,NA,NA,NA,NA,NA,NA,NA,NA,NA,NA,NA,NA,NA,NA,NA,NA,NA,NA,NA,NA,NA,NA,NA,NA,NA,NA,NA,NA,NA,NA,96,164,NA,NA,NA,0.078125,0.00198958333333333,NA,NA,0.00705555555555556,0.0124705882352941,NA,NA,-2.06356819252355,2.89037175789616,-1.14570389620196,3.23867845216438,NA,NA,NA,NA,0.116767307951219,0.453095262566056,NA,NA
"49","LD780_21","EG780_21","LD780_21","CL221_21","E018_M","delicata","CORT_28_10pg_Topical","28","high","6/02/2022","2021/22","7/01/2022",7,30,37,0.131,8.12,5.5,0.123,18,26,"3/06/2022",30,43,0.537,"LD780_21","10/08/2022",32,47,0.708,"PR","ALIVE",NA,0,0,0,0,"","","",2020-05-25,"8:54","3",47,"M","N",40,65,1.379,28,"high",127,"T1",729.06,"2",0.3,5,147.45,"new MIR05 starts here",23,229,72810,"A",0.4011,1.7662,0.3339,4.8192,0.8325,0.4027,0.4837,"new MIR05 starts here; anitA measure has two dips",117,185,474,0.0464135021097046,0.00264978902953587,0.102564102564103,0.00353846153846154,0.0280112044817927,0.00235854341736695,0.00683333333333333,0.0179,0.022125,0.034475,-2.09557092360972,2.89037175789616,-0.621757184473272,3.40119738166216,-0.345311185288417,3.46573590279973,0.321358598811165,3.68887945411394,0.113089597464566,0.505310248811742,0.677519578766022,1.56814878424355
"50","LD781_21","EG781_21","LD781_21","CL221_21","E018_M","delicata","C_23_Topical","23","control","27/02/2022","2021/22","7/01/2022",7,51,58,0.126,8.09,5.55,0.116,19,26,NA,NA,NA,NA,"LD781_21",NA,NA,NA,NA,"","DEAD","2/06/2022",0,0,0,0,"","","died after hatching; 02/06/22",NA,NA,NA,NA,NA,NA,NA,NA,NA,NA,NA,NA,NA,NA,NA,NA,NA,NA,NA,NA,NA,NA,NA,NA,NA,NA,NA,NA,NA,NA,NA,96,164,NA,NA,NA,NA,NA,NA,NA,0.00610526315789474,NA,NA,NA,-2.15416508787577,2.94443897916644,NA,NA,NA,NA,NA,NA,0.094111091239646,NA,NA,NA
"51","LD783_21","EG783_21","LD783_21","CL221_21","E018_M","delicata","CORT_28_5pg_Topical","28","low","6/02/2022","2021/22","7/01/2022",7,30,37,0.129,7.52,5.53,0.116,17,23,NA,NA,NA,NA,"LD783_21",NA,NA,NA,NA,"","DEAD","6/02/2022",0,0,0,0,"","died after hatching; 6/2/22","died after hatching; 6/2/22",NA,NA,NA,NA,NA,NA,NA,NA,NA,NA,NA,NA,NA,NA,NA,NA,NA,NA,NA,NA,NA,NA,NA,NA,NA,NA,NA,NA,NA,NA,NA,117,185,NA,NA,NA,NA,NA,NA,NA,0.00682352941176471,NA,NA,NA,-2.15416508787577,2.83321334405622,NA,NA,NA,NA,NA,NA,0.121735361442215,NA,NA,NA
"52","LD784_21","EG784_21","LD784_21","CL221_21","E018_M","delicata","C_28_Topical","28","control","6/02/2022","2021/22","7/01/2022",7,30,37,0.134,7.99,5.62,0.135,18,27,"3/06/2022",29.5,44.5,0.525,"LD784_21","10/08/2022",36,61,0.719,"DCL","ALIVE",NA,0,0,0,0,"","","",2020-05-23,"9:10","6",37,"M","N",40,67,1.354,28,"control",117,"T1",881.92,"2",0.81,5,165.79,"",22,189,72809,"A",0.3377,1.6323,0.0247,4.6283,0.0731,0.0485,0.6645,"",117,185,472,0.0466101694915254,0.00258262711864407,0.0982905982905983,0.00333333333333333,0.0295774647887324,0.00233521126760563,0.0075,0.0177966101694915,0.0199722222222222,0.03385,-2.00248050054371,2.89037175789616,-0.644357016390513,3.38439026334577,-0.32989392126109,3.58351893845611,0.303063174490083,3.68887945411394,0.124122728924524,0.515675549272468,0.50695857486365,1.53971969098315
"53","LD785_21","EG785_21","LD785_21","CL222_21","E031_M","delicata","C_28_Topical","28","control","7/02/2022","2021/22","7/01/2022",7,31,38,0.166,8.57,6.04,0.153,18,27,"3/06/2022",30.5,42,0.565,"LD785_21","10/08/2022",33,51,0.726,"DCL","ALIVE",NA,0,0,0,0,"","","",2020-06-01,"13:21","4",71,"M","N",41,60,1.258,28,"control",176,"T2",1020.65,"4",0.33,5,179.09,"",36,307,72810,"A",0.1716,1.0847,0.116,6.2958,0.6759,0.2473,0.3658,"",116,184,480,0.0479166666666667,0.00230208333333333,0.107758620689655,0.00355172413793103,0.0288461538461538,0.00190384615384615,0.0085,0.0185245901639344,0.022,0.0306829268292683,-1.8773173575897,2.89037175789616,-0.570929547835696,3.41772668361337,-0.320205264157341,3.49650756146648,0.229523158278249,3.71357206670431,0.14067242611446,0.509690874463878,0.641461739306759,1.33273884421122
"54","LD786_21","EG786_21","LD786_21","CL222_21","E031_M","delicata","CORT_28_10pg_Topical","28","high","24/02/2022","2021/22","7/01/2022",7,48,55,0.172,9.18,6.07,0.125,18,27,"3/06/2022",29,42,0.42,"LD786_21","10/08/2022",33,44,0.636,"PR","ALIVE",NA,0,0,0,0,"","","",2020-05-30,"8:46","3",51,"F","N",42,65,1.586,28,"high",112,"",NA,"2",1.36,5,258.02,"",12,205,72810,"A",0.3246,2.536,0.2563,65.9,0.7897,0.1485,0.1881,"",99,167,461,0.052060737527115,0.00316919739696312,0.111111111111111,0.00297979797979798,0.0359116022099447,0.00322099447513812,0.00694444444444444,0.0144827586206897,0.0192727272727273,0.0377619047619048,-2.07944154167984,2.89037175789616,-0.867500567704723,3.36729582998647,-0.452556715642015,3.49650756146648,0.461215123212656,3.73766961828337,0.114928452707893,0.430941657278399,0.561941688979475,1.56801515702118
"55","LD787_21","EG787_21","LD787_21","CL222_21","E031_M","delicata","CORT_28_5pg_Topical","28","low","7/02/2022","2021/22","7/01/2022",7,31,38,0.18,9.37,6.22,0.149,18,28,"3/06/2022",28,37,0.407,"LD787_21",NA,NA,NA,NA,"","DEAD","22/06/2022",0,0,0,0,"labelled 772 but there is another 772 and based on date 787","","Found dead 22/06/2022",NA,NA,NA,NA,NA,NA,NA,NA,NA,NA,NA,NA,NA,NA,NA,NA,NA,NA,NA,NA,NA,NA,NA,NA,NA,NA,NA,NA,NA,NA,NA,116,184,NA,NA,NA,0.0862068965517241,0.00222413793103448,NA,NA,0.00827777777777778,0.0145357142857143,NA,NA,-1.90380897303668,2.89037175789616,-0.898942093539542,3.3322045101752,NA,NA,NA,NA,0.136994715627808,0.45673891218955,NA,NA
"56","LD788_21","EG788_21","LD788_21","CL223_21","E022_F120","delicata","C_23_Topical","23","control","27/02/2022","2021/22","7/01/2022",7,51,58,0.153,8.49,6.01,0.122,18,26,NA,NA,NA,NA,"LD788_21",NA,NA,NA,NA,"","DEAD","3/06/2022",0,0,0,0,"dead","","hatchling found dead 3/06/22",NA,NA,NA,NA,NA,NA,NA,NA,NA,NA,NA,NA,NA,NA,NA,NA,NA,NA,NA,NA,NA,NA,NA,NA,NA,NA,NA,NA,NA,NA,NA,96,164,NA,NA,NA,NA,NA,NA,NA,0.00677777777777778,NA,NA,NA,-2.10373423424888,2.89037175789616,NA,NA,NA,NA,NA,NA,0.112170169842903,NA,NA,NA
"57","LD790_21","EG790_21","LD790_21","CL223_21","E022_F120","delicata","CORT_23_5pg_Topical","23","low","27/02/2022","2021/22","7/01/2022",7,51,58,0.138,8.02,5.54,0.11,18,25,NA,29,48,0.454,"LD790_21","10/08/2022",29,47,0.403,"PR","ALIVE",NA,0,0,0,0,"","","",2020-06-01,"9:04","4",67,"M","N",37,63,1.127,23,"low",142,"T2",1034.39,"4",0.65,5,191.22,"",36,277,72810,"A",0.2287,1.3445,0.168,13.6533,0.7345,0.2272,0.3094,"",96,164,460,0.041304347826087,0.00221086956521739,0.114583333333333,0.00358333333333333,0.021978021978022,0.0018489010989011,0.00611111111111111,0.0156551724137931,0.0138965517241379,0.0304594594594595,-2.20727491318972,2.89037175789616,-0.789658080940789,3.36729582998647,-0.908818717035454,3.36729582998647,0.119559235057639,3.61091791264422,0.101137038382945,0.465827410486651,0.497800090917265,1.60273027859957
"58","LD791_21","EG791_21","LD791_21","CL224_21","E019_F120","delicata","CORT_23_10pg_Topical","23","high","23/02/2022","2021/22","7/01/2022",7,47,54,0.143,8.5,5.79,0.125,17,23,"3/06/2022",30,44,0.477,"LD791_21","10/08/2022",35,53,0.825,"PR","ALIVE",NA,0,0,0,0,"","","",2020-06-07,"8:42","5",84,"M","N",41,66,1.596,23,"high",133,"T2",775.05,"4",0.47,5,185.15,"",22,207,72810,"B",0.2644,1.5725,0.1995,15.6603,0.7546,0.2435,0.3227,"",100,168,470,0.051063829787234,0.00312978723404255,0.13,0.00352,0.0297297297297297,0.00302432432432432,0.00735294117647059,0.0159,0.0235714285714286,0.0389268292682927,-2.07944154167984,2.83321334405622,-0.740238788093796,3.40119738166216,-0.192371892647456,3.55534806148941,0.467500499027617,3.71357206670431,0.131180346381697,0.448851003134452,0.625781955414659,1.69081971014396
"59","LD792_21","EG792_21","LD792_21","CL224_21","E019_F120","delicata","CORT_28_10pg_Topical","28","high","6/02/2022","2021/22","7/01/2022",7,30,37,0.126,8.3,5.58,0.113,17,24,"3/06/2022",28,36,0.364,"LD792_21","10/08/2022",32,43,0.532,"PR","ALIVE",NA,0,0,0,0,"","","",2020-05-30,"9:01","3",54,"M","N",39,58,1.277,28,"high",193,"T1",632.87,"2",0.33,5,176.59,"swelling on front legs, skin shed?",23,314,72809,"B",0.6678,3.4577,0.3677,35.4507,0.5506,0.1712,0.3109,"swelling on front legs, skin shed?",117,185,479,0.045929018789144,0.00243006263048017,0.094017094017094,0.00214529914529915,0.0303867403314917,0.00252209944751381,0.00664705882352941,0.013,0.016625,0.0327435897435897,-2.1803674602698,2.83321334405622,-1.0106014113454,3.3322045101752,-0.631111789640493,3.46573590279973,0.244513577050402,3.66356164612965,0.118587033129054,0.40848394112284,0.509096632632095,1.56153334283993
"60","LD793_21","EG793_21","LD793_21","CL224_21","E019_F120","delicata","CORT_23_5pg_Topical","23","low","24/02/2022","2021/22","7/01/2022",7,48,55,0.129,8.32,5.47,0.104,17,24,"3/06/2022",29.5,44.5,0.467,"LD793_21","10/08/2022",32,50,0.68,"PR","ALIVE",NA,0,0,0,0,"","","",2020-05-31,"12:05","4",63,"M","N",41,70,1.517,23,"low",126,"T2",518.12,"4",0.39,5,153.94,"",16,206,72810,"A",0.2392,1.9482,0.2086,13.8897,0.8719,0.2602,0.2984,"",99,167,462,0.051948051948052,0.00305844155844156,0.126262626262626,0.00366666666666667,0.0316804407713499,0.00289256198347107,0.00611764705882353,0.0158305084745763,0.02125,0.037,-2.26336437984076,2.83321334405622,-0.76142602131324,3.38439026334577,-0.385662480811985,3.46573590279973,0.416734700366395,3.71357206670431,0.109142048189572,0.458705679067129,0.650725019153806,1.60712625331353
"61","LD794_21","EG794_21","LD794_21","CL225_21","E030_M","delicata","CORT_23_10pg_Topical","23","high","27/02/2022","2021/22","7/01/2022",7,51,58,0.163,7.92,6.27,0.127,17,23,NA,NA,NA,NA,"LD794_21",NA,NA,NA,NA,"","DEAD","30/05/2022",0,0,0,0,"","","hatchling died 30/05/2022",NA,NA,NA,NA,NA,NA,NA,NA,NA,NA,NA,NA,NA,NA,NA,NA,NA,NA,NA,NA,NA,NA,NA,NA,NA,NA,NA,NA,NA,NA,NA,96,164,NA,NA,NA,NA,NA,NA,NA,0.00747058823529412,NA,NA,NA,-2.06356819252355,2.83321334405622,NA,NA,NA,NA,NA,NA,0.133279231923805,NA,NA,NA
"62","LD795_21","EG795_21","LD795_21","CL225_21","E030_M","delicata","CORT_23_5pg_Topical","23","low","25/02/2022","2021/22","7/01/2022",7,49,56,0.158,7.32,6.39,0.116,16,24,"3/06/2022",30.5,43,0.531,"LD795_21","10/08/2022",34,49,0.746,"PR","ALIVE",NA,0,0,0,0,"","","",2020-06-06,"8:56","4",76,"M","N",42,65,1.448,23,"low",156,"T2",1020.34,"4",0.19,5,449.23,"",27,242,72810,"B",0.4177,2.7309,0.3836,14.4562,0.9183,0.3375,0.3675,"",98,166,467,0.0556745182012848,0.00285224839400428,0.147959183673469,0.00423469387755102,0.0311653116531165,0.00248509485094851,0.00725,0.0174098360655738,0.0219411764705882,0.0344761904761905,-2.15416508787577,2.77258872223978,-0.632993257740198,3.41772668361337,-0.293029678778376,3.52636052461616,0.370183293963525,3.73766961828337,0.140068771827136,0.479019211221804,0.610032715303916,1.43158004247583
"63","LD796_21","EG796_21","LD796_21","CL226_21","E030_M","delicata","CORT_23_10pg_Topical","23","high","27/02/2022","2021/22","7/01/2022",7,51,58,0.137,7.42,6.04,0.106,18,23,NA,NA,NA,NA,"LD796_21",NA,NA,NA,NA,"","DEAD","3/06/2022",0,0,0,0,"dead","","hatchling found dead 3/06/22",NA,NA,NA,NA,NA,NA,NA,NA,NA,NA,NA,NA,NA,NA,NA,NA,NA,NA,NA,NA,NA,NA,NA,NA,NA,NA,NA,NA,NA,NA,NA,96,164,NA,NA,NA,NA,NA,NA,NA,0.00588888888888889,NA,NA,NA,-2.24431618487007,2.89037175789616,NA,NA,NA,NA,NA,NA,0.0974593278962929,NA,NA,NA
"64","LD797_21","EG797_21","LD797_21","CL226_21","E030_M","delicata","CORT_23_5pg_Topical","23","low","23/02/2022","2021/22","7/01/2022",7,47,54,0.145,7.54,6.18,0.128,18,23,"3/06/2022",29,44,0.426,"LD797_21",NA,NA,NA,NA,"","ALIVE",NA,0,0,0,0,"","","",2020-05-25,"8:59","3",48,"M","N",42,57,1.309,23,"low",151,"T1",1008.34,"2",0.14,5,234.33,"",19,243,72810,"B",0.487,3.1199,0.4833,16.6446,0.9924,0.3204,0.3228,"",100,168,457,0.0525164113785558,0.00258424507658643,0.11,0.00298,0.0364145658263305,0.0024733893557423,0.00711111111111111,0.0146896551724138,NA,0.0311666666666667,-2.05572501506252,2.89037175789616,-0.853315932712767,3.36729582998647,NA,NA,0.269263486927763,3.73766961828337,0.117686735572882,0.437097966668091,NA,1.29415626768015
"65","LD798_21","EG798_21","LD798_21","CL226_21","E030_M","delicata","CORT_28_10pg_Topical","28","high","6/02/2022","2021/22","7/01/2022",7,30,37,0.14,7.03,5.92,0.12,18,23,"3/06/2022",27.5,39,0.4,"LD798_21","10/08/2022",32,47,0.585,"DCL","ALIVE",NA,0,0,0,0,"","","",2020-05-17,"10:15","7",14,"F","N",43,63,1.593,28,"high",91,"",NA,"1",0.38,5,70.95,"1000ul sample for bradford",22,149,72809,"B",0.4516,1.5737,0.4402,14.5265,0.9747,0.4123,0.423,"1000ul sample for bradford",117,185,466,0.0536480686695279,0.00316094420600858,0.0811965811965812,0.00239316239316239,0.0444126074498567,0.00341833810888252,0.00666666666666667,0.0145454545454545,0.01828125,0.037046511627907,-2.12026353620009,2.89037175789616,-0.916290731874155,3.31418600467253,-0.536143431750281,3.46573590279973,0.465619030927911,3.76120011569356,0.110331314599577,0.470013172699702,0.559814906183789,1.47214932517898
"66","LD799_21","EG799_21","LD799_21","CL226_21","E030_M","delicata","CORT_28_5pg_Topical","28","low","4/02/2022","2021/22","7/01/2022",7,28,35,0.137,6.99,6.04,0.084,16,21,NA,NA,NA,NA,"LD799_21",NA,NA,NA,NA,"","DEAD","4/02/2022",0,0,0,0,"","died after hatching; 4/2/22","died after hatching; 4/2/22",NA,NA,NA,NA,NA,NA,NA,NA,NA,NA,NA,NA,NA,NA,NA,NA,NA,NA,NA,NA,NA,NA,NA,NA,NA,NA,NA,NA,NA,NA,NA,119,187,NA,NA,NA,NA,NA,NA,NA,0.00525,NA,NA,NA,-2.47693848013882,2.77258872223978,NA,NA,NA,NA,NA,NA,0.101429110633443,NA,NA,NA
"67","LD800_21","EG800_21","LD800_21","CL227_21","E009_M","delicata","C_28_Topical","28","control","6/02/2022","2021/22","7/01/2022",7,30,37,0.157,8.32,5.98,0.136,18,25,"3/06/2022",32,44,0.524,"LD800_21","10/08/2022",35,55,0.682,"DCL","ALIVE",NA,0,0,0,0,"","","",2020-05-24,"9:02","3",43,"M","N",41,61,1.286,28,"control",148,"T1",974.74,"2",0.52,5,132.43,"",29,215,72810,"A",0.3101,2.0954,0.4969,18.4694,1.6021,0.3974,0.248,"",117,185,473,0.0486257928118393,0.00243128964059197,0.11965811965812,0.00331623931623932,0.0252808988764045,0.00214044943820225,0.00755555555555556,0.016375,0.0194857142857143,0.0313658536585366,-1.99510039324608,2.89037175789616,-0.646263594661095,3.46573590279973,-0.382725621138675,3.55534806148941,0.251536625815428,3.71357206670431,0.125042156546187,0.41818042018057,0.517313083142784,1.36240234789795
"68","LD801_21","EG801_21","LD801_21","CL227_21","E009_M","delicata","CORT_28_10pg_Topical","28","high","4/02/2022","2021/22","7/01/2022",7,28,35,0.16,8.27,6.34,0.096,16,24,NA,NA,NA,NA,"LD801_21",NA,NA,NA,NA,"","ALIVE",NA,0,0,0,0,"","","",NA,NA,NA,NA,NA,NA,NA,NA,NA,NA,NA,NA,NA,NA,NA,NA,NA,NA,NA,NA,NA,NA,NA,NA,NA,NA,NA,NA,NA,NA,NA,119,187,NA,NA,NA,NA,NA,NA,NA,0.006,NA,NA,NA,-2.3434070875143,2.77258872223978,NA,NA,NA,NA,NA,NA,0.115918983581078,NA,NA,NA
"69","LD802_21","EG802_21","LD802_21","CL227_21","E009_M","delicata","CORT_28_5pg_Topical","28","low","4/02/2022","2021/22","7/01/2022",7,28,35,0.16,7.63,6.25,0.095,17,21,NA,NA,NA,NA,"LD802_21",NA,NA,NA,NA,"","DEAD","4/02/2022",0,0,0,0,"","died after hatching; 4/2/22","died after hatching; 4/2/22",NA,NA,NA,NA,NA,NA,NA,NA,NA,NA,NA,NA,NA,NA,NA,NA,NA,NA,NA,NA,NA,NA,NA,NA,NA,NA,NA,NA,NA,NA,NA,119,187,NA,NA,NA,NA,NA,NA,NA,0.00558823529411765,NA,NA,NA,-2.3538783873816,2.83321334405622,NA,NA,NA,NA,NA,NA,0.09969706325009,NA,NA,NA
"70","LD803_21","EG803_21","LD803_21","CL228_21","E029_F120","delicata","C_28_Topical","28","control","7/02/2022","2021/22","10/01/2022",10,28,38,0.149,7.82,6.15,0.096,17,21,"3/06/2022",29.5,44,0.442,"LD803_21","10/08/2022",31,46,0.677,"PR","ALIVE",NA,0,0,0,0,"","","",NA,NA,NA,NA,NA,NA,NA,NA,NA,NA,NA,NA,NA,NA,NA,NA,NA,NA,NA,NA,NA,NA,NA,NA,NA,NA,NA,NA,NA,NA,NA,116,184,NA,NA,NA,0.107758620689655,0.00298275862068965,NA,NA,0.00564705882352941,0.0149830508474576,0.0218387096774194,NA,-2.3434070875143,2.83321334405622,-0.816445396904439,3.38439026334577,-0.390084006069862,3.43398720448515,NA,NA,0.100746506021144,0.434149700530344,0.703448065429556,NA
"71","LD807_21","EG807_21","LD807_21","CL229_21","E020_F120","delicata","CORT_23_10pg_Topical","23","high","1/03/2022","2021/22","10/01/2022",10,50,60,0.102,7.48,5.12,0.071,15,18,"3/06/2022",28.5,35,0.347,"LD807_21","10/08/2022",28,35,0.392,"DCL","ALIVE",NA,0,0,0,0,"","","",NA,NA,NA,NA,NA,NA,NA,NA,NA,NA,NA,NA,NA,NA,NA,NA,NA,NA,NA,NA,NA,NA,NA,NA,NA,NA,NA,NA,NA,NA,NA,94,162,NA,NA,NA,0.143617021276596,0.00293617021276596,NA,NA,0.00473333333333333,0.0121754385964912,0.014,NA,-2.64507540194082,2.70805020110221,-1.05843049903528,3.3499040872746,-0.936493439191674,3.3322045101752,NA,NA,0.0995404305967137,0.372203307584074,0.53034095685019,NA
"72","LD808_21","EG808_21","LD808_21","CL229_21","E020_F120","delicata","C_28_Topical","28","control","11/02/2022","2021/22","10/01/2022",10,32,42,0.117,7.87,5.44,0.088,16,14,"3/06/2022",31,31,0.446,"LD808_21","10/08/2022",35,31,0.641,"PR","ALIVE",NA,1,0,0,1,"tail has regrown; was lost at one point","","",2020-05-19,"14:04",NA,23,"F","N",44,43,1.323,NA,"",NA,"",NA,"1",NA,NA,NA,"no hormone data?",25,279,72810,"A",0.1177,1.1337,0.1602,7.5654,1.3611,0.2489,0.1829,"plasma sample congealed, no assayed ",112,180,463,0.060475161987041,0.00266738660907127,0.133928571428571,0.00319642857142857,0.037037037037037,0.0024985754985755,0.0055,0.0143870967741935,0.0183142857142857,0.0300681818181818,-2.43041846450393,2.77258872223978,-0.807436326962073,3.43398720448515,-0.444725822061467,3.55534806148941,0.279901885132819,3.78418963391826,0.106259068282655,0.385980927550856,0.486213616267632,1.1446133934063
"73","LD809_21","EG809_21","LD809_21","CL229_21","E020_F120","delicata","CORT_23_5pg_Topical","23","low",NA,"2021/22","10/01/2022",10,53,63,0.105,6.86,5.31,0.085,17,22,"3/06/2022",26,36.5,0.349,"LD809_21","10/08/2022",27,42,0.371,"DCL","ALIVE",NA,0,0,0,0,"","","",2020-06-07,"12:08","5",88,"M","Y",42,55,1.391,23,"",106,"T2",679.27,NA,NA,5,284.94,"ID unclear from cage card",30,171,72810,"B",0.3302,1.7926,0.2539,25.3045,0.769,0.2457,0.3194,"ID unclear from cage card",91,159,461,0.0542299349240781,0.00283297180043384,0.0989010989010989,0.0029010989010989,0.0432432432432432,0.00281621621621622,0.005,0.0134230769230769,0.0137407407407407,0.0331190476190476,-2.46510402249182,2.83321334405622,-1.05268335677971,3.25809653802148,-0.991553216374702,3.29583686600433,0.330022912941306,3.73766961828337,0.0892026355395542,0.473216339898467,0.551568629874,1.3752264082071
"74","LD811_21","EG811_21","LD811_21","CL230_21","E019_F120","delicata","CORT_28_10pg_Topical","28","high","6/02/2022","2021/22","10/01/2022",10,27,37,0.163,7.8,6.18,0.107,17,22,"3/06/2022",29.5,40,0.462,"LD811_21","10/08/2022",31,42,0.546,"PR","ALIVE",NA,0,0,0,0,"","","",2020-06-01,"13:28","4",72,"M","N",40,59,1.337,28,"high",113,"T2",833.14,"4",0.4,5,189.98,"",25,245,72810,"B",0.3831,2.7424,0.3117,16.4954,0.8137,0.2518,0.3094,"",117,185,481,0.0478170478170478,0.00255717255717256,0.106837606837607,0.00303418803418803,0.0288461538461538,0.00240384615384615,0.00629411764705882,0.0156610169491525,0.0176129032258065,0.033425,-2.23492644452023,2.83321334405622,-0.772190387900398,3.38439026334577,-0.605136303237232,3.43398720448515,0.290428298119806,3.68887945411394,0.112290376502733,0.453794483359772,0.567330345235653,1.52038790756608
"75","LD812_21","EG812_21","LD812_21","CL230_21","E019_F120","delicata","CORT_28_5pg_Topical","28","low",NA,"2021/22","10/01/2022",10,NA,NA,0.16,7.84,6.6,0.114,18,22,"3/06/2022",28,37,0.389,"LD812_21","10/08/2022",30,41,0.495,"PR","ALIVE",NA,0,0,0,0,"","","",2020-05-31,"8:52","4",60,"M","N",40,59,1.279,28,"low",159,"T2",742.34,"2",0.82,5,272.91,"swollen arms; 750ul media",24,223,72810,"B",0.2582,1.9721,0.2465,17.2281,0.9549,0.2737,0.2866,"swollen arms; 750ul media",NA,NA,NA,NA,NA,NA,NA,NA,NA,0.00633333333333333,0.0138928571428571,0.0165,0.031975,-2.17155683058764,2.89037175789616,-0.944175935363691,3.3322045101752,-0.703197516413447,3.40119738166216,0.246078522596706,3.68887945411394,0.104814748869598,0.436539156859299,0.55998428984202,1.45443241120196
"76","LD815_21","EG815_21","LD815_21","CL231_21","E010_M","delicata","C_23_Topical","23","control","1/03/2022","2021/22","10/01/2022",10,50,60,0.182,9.12,6.37,0.154,20,25,"3/06/2022",30,42.5,0.473,"LD815_21","10/08/2022",31,42,0.582,"PR","ALIVE",NA,0,0,0,0,"","","",2020-05-19,"9:46","6",21,"F","N",40,59,1.435,23,"control",252,"",NA,"1",0.1,5,41.58,"maybe LD816_21",22,371,72809,"A",0.1232,0.72,0.106,6.8431,0.8599,0.2096,0.2437,"maybe LD816_21",94,162,445,0.0449438202247191,0.00287865168539326,0.106382978723404,0.0033936170212766,0.0284900284900285,0.00274074074074074,0.0077,0.0157666666666667,0.0187741935483871,0.035875,-1.87080267656851,2.99573227355399,-0.748659890490204,3.40119738166216,-0.541284831250699,3.43398720448515,0.361164849211584,3.68887945411394,0.110957449476783,0.445087053422633,0.604736741624817,1.63182995314684
"77","LD816_21","EG816_21","LD816_21","CL231_21","E010_M","delicata","CORT_23_10pg_Topical","23","high","1/03/2022","2021/22","10/01/2022",10,50,60,0.176,8.62,6.11,0.14,18,26,"3/06/2022",31,43.5,0.455,"LD816_21","10/08/2022",31,43,0.582,"PR","ALIVE",NA,0,0,0,0,"","","",NA,NA,NA,NA,NA,NA,NA,NA,NA,NA,NA,NA,NA,NA,NA,NA,NA,NA,NA,NA,NA,NA,NA,NA,NA,NA,NA,NA,NA,NA,NA,94,162,NA,NA,NA,0.138297872340426,0.00335106382978723,NA,NA,0.00777777777777778,0.0146774193548387,0.0187741935483871,NA,-1.96611285637283,2.89037175789616,-0.787457860031187,3.43398720448515,-0.541284831250699,3.43398720448515,NA,NA,0.12871986703284,0.393769780348967,0.604736741624817,NA
"78","LD817_21","EG817_21","LD817_21","CL231_21","E010_M","delicata","CORT_23_5pg_Topical","23","low","1/03/2022","2021/22","10/01/2022",10,50,60,0.189,8.73,6.46,0.141,19,26,"3/06/2022",29.5,46,0.475,"LD817_21","10/08/2022",31,36,0.599,"PR","ALIVE",NA,0,1,1,1,"tip of tail broken off during measuring","","",NA,NA,NA,NA,NA,NA,NA,NA,NA,NA,NA,NA,NA,NA,NA,NA,NA,NA,NA,NA,NA,NA,NA,NA,NA,NA,NA,NA,NA,NA,NA,94,162,NA,NA,NA,0.111702127659574,0.0035531914893617,NA,NA,0.00742105263157895,0.0161016949152542,0.0193225806451613,NA,-1.95899538860397,2.94443897916644,-0.744440474947496,3.38439026334577,-0.512493680866688,3.43398720448515,NA,NA,0.114393654006811,0.4665635921989,0.622400873253034,NA
"79","LD818_21","EG818_21","LD818_21","CL232_21","E021_M","delicata","CORT_23_10pg_Topical","23","high",NA,"2021/22","10/01/2022",10,53,63,0.145,8.45,5.58,0.134,18,24,"3/06/2022",28,33.5,0.37,"LD818_21","10/08/2022",31,44,0.556,"PR","ALIVE",NA,1,0,0,1,"tail grown back","","",2020-05-25,"9:04","3",49,"F","N",42,61,1.655,23,"high",127,"",NA,"2",0.57,5,151.42,"dilute in 750ul",25,217,72809,"A",0.3341,1.1631,0.294,6.973,0.8798,0.3534,0.4016,"dilute in 750ul",91,159,448,0.0535714285714286,0.00339508928571429,0.10989010989011,0.00259340659340659,0.0392156862745098,0.00359943977591036,0.00744444444444444,0.0132142857142857,0.0179354838709677,0.0394047619047619,-2.00991547903123,2.89037175789616,-0.994252273343867,3.3322045101752,-0.586986984731555,3.43398720448515,0.503801008829026,3.73766961828337,0.123203301302861,0.41521719289959,0.57772101089931,1.63623271429385
"80","LD819_21","EG819_21","LD819_21","CL232_21","E021_M","delicata","CORT_28_10pg_Topical","28","high","9/02/2022","2021/22","10/01/2022",10,30,40,0.153,8.69,5.66,0.13,18,25,"3/06/2022",29,38,0.425,"LD819_21","10/08/2022",31,42,0.588,"PR","ALIVE",NA,0,0,0,0,"","","",2020-06-08,"9:06","5",93,"F","N",41,55,1.46,28,"high",144,"",NA,"3",0.67,5,139.98,"spinal fluid in blood  ",25,215,72809,"A",0.1704,1.528,0.1959,25.6737,1.1497,0.174,0.1514,"spinal fluid in blood; FCCP measurement not flat",114,182,485,0.0474226804123711,0.00274226804123711,0.0964912280701754,0.00258771929824561,0.032345013477089,0.00278975741239892,0.00722222222222222,0.0146551724137931,0.0189677419354839,0.035609756097561,-2.04022082852655,2.89037175789616,-0.85566611005772,3.36729582998647,-0.53102833108351,3.43398720448515,0.378436435720245,3.71357206670431,0.119525590816208,0.436071915103142,0.610971141023011,1.5467398350941
"81","LD820_21","EG820_21","LD820_21","CL232_21","E021_M","delicata","CORT_28_5pg_Topical","28","low","9/02/2022","2021/22","10/01/2022",10,30,40,0.143,8.44,5.79,0.133,17,24,"3/06/2022",30,44,0.504,"LD820_21","10/08/2022",33,48,0.756,"PR","ALIVE",NA,0,0,0,0,"","","",2020-06-06,"13:17","5",81,"F","N",41,60,1.617,28,"low",131,"",NA,"4",0.68,5,253.98,"",20,213,72809,"A",0.0778,0.6984,0.1021,5.2142,1.3131,0.353,0.2688,"",114,182,483,0.0496894409937888,0.00307246376811594,0.114035087719298,0.00325438596491228,0.029810298102981,0.00301626016260163,0.00782352941176471,0.0168,0.0229090909090909,0.0394390243902439,-2.01740615076038,2.83321334405622,-0.685179010910768,3.40119738166216,-0.279713902802604,3.49650756146648,0.48057258059497,3.71357206670431,0.139575888550126,0.474257663689233,0.667968422749187,1.71306733790901
"82","LD821_21","EG821_21","LD821_21","CL232_21","E021_M","delicata","CORT_23_5pg_Topical","23","low",NA,"2021/22","10/01/2022",10,54,64,0.126,7.82,5.59,0.118,17,23,"3/06/2022",27,38,0.392,"LD821_21","10/08/2022",30,40,0.445,"PR","ALIVE",NA,0,0,0,0,"","","",2020-06-07,"8:46","5",85,"F","N",43,62,1.666,23,"low",131,"",NA,"4",0.84,5,243.17,"",25,195,72809,"A",0.1132,0.9692,0.1068,13.2342,0.9429,0.2258,0.2395,"",90,158,460,0.0565217391304348,0.00336521739130435,0.111111111111111,0.00304444444444444,0.0432432432432432,0.00344324324324324,0.00694117647058824,0.0145185185185185,0.0148333333333333,0.0387441860465116,-2.13707065451647,2.83321334405622,-0.936493439191674,3.29583686600433,-0.809680996815897,3.40119738166216,0.510425543744651,3.76120011569356,0.123834246984322,0.48270200232121,0.503420220161008,1.53961128421104
"83","LD822_21","EG822_21","LD822_21","CL232_21","E021_M","delicata","C_23_Topical","23","control",NA,"2021/22","10/01/2022",10,53,63,0.142,8.38,5.8,0.135,17,24,"3/06/2022",27,35,0.389,"LD822_21","10/08/2022",29,37,0.435,"PR","ALIVE",NA,0,0,0,0,"","","",NA,NA,NA,NA,NA,NA,NA,NA,NA,NA,NA,NA,NA,NA,NA,NA,NA,NA,NA,NA,NA,NA,NA,NA,NA,NA,NA,NA,NA,NA,NA,91,159,NA,NA,NA,0.10989010989011,0.00279120879120879,NA,NA,0.00794117647058824,0.0144074074074074,0.015,NA,-2.00248050054371,2.83321334405622,-0.944175935363691,3.29583686600433,-0.832409247893453,3.36729582998647,NA,NA,0.141674774092233,0.479007854344262,0.537327641560819,NA
"84","LD823_21","EG823_21","LD823_21","CL232_21","E021_M","delicata","C_28_Topical","28","control","10/02/2022","2021/22","10/01/2022",10,31,41,0.148,8.28,5.8,0.126,18,22,"3/06/2022",31,45,0.535,"LD823_21","10/08/2022",32,47,0.726,"PR","ALIVE",NA,0,0,0,0,"","","",2020-06-06,"13:04","4",79,"M","N",40,62,1.352,28,"control",141,"T2",952.44,"4",0.6,5,152.28,"",21,229,72810,"A",0.2497,1.556,0.2657,6.1405,1.0638,0.3734,0.351,"",113,181,482,0.045643153526971,0.00254356846473029,0.115044247787611,0.00361946902654867,0.024390243902439,0.00221409214092141,0.007,0.017258064516129,0.0226875,0.0338,-2.07147337203066,2.89037175789616,-0.62548853208613,3.43398720448515,-0.320205264157341,3.46573590279973,0.301584977620772,3.68887945411394,0.115847880329556,0.463004027443291,0.694744652802446,1.53744536352232
"85","LD824_21","EG824_21","LD824_21","CL233_21","E016_M","delicata","CORT_23_10pg_Topical","23","high","27/02/2022","2021/22","10/01/2022",10,48,58,0.157,8.04,6.34,0.092,16,23,NA,NA,NA,NA,"LD824_21",NA,NA,NA,NA,"","DEAD","3/06/2022",0,0,0,0,"","","Hatchling died, 3/06/22",NA,NA,NA,NA,NA,NA,NA,NA,NA,NA,NA,NA,NA,NA,NA,NA,NA,NA,NA,NA,NA,NA,NA,NA,NA,NA,NA,NA,NA,NA,NA,96,164,NA,NA,NA,NA,NA,NA,NA,0.00575,NA,NA,NA,-2.3859667019331,2.77258872223978,NA,NA,NA,NA,NA,NA,0.111089025931867,NA,NA,NA
"86","LD825_21","EG825_21","LD825_21","CL233_21","E016_M","delicata","C_28_Topical","28","control","7/02/2022","2021/22","10/01/2022",10,28,38,0.148,7.6,6.3,0.099,16,23,"3/06/2022",28,41,0.436,"LD825_21","10/08/2022",32,53,0.619,"DCL","ALIVE",NA,0,0,0,0,"","","",2020-05-24,"9:08","3",44,"M","N",43,66,1.585,28,"control",110,"T1",966.44,"2",0.6,5,108.16,"time not recorded",NA,NA,72810,"B",0.1919,1.5619,0.1402,6.3712,0.7307,0.227,0.3106,"time not recorded",116,184,472,0.0572033898305085,0.00314830508474576,0.103448275862069,0.0029051724137931,0.0421348314606742,0.00322752808988764,0.0061875,0.0155714285714286,0.01934375,0.0368604651162791,-2.31263542884755,2.77258872223978,-0.830113035633103,3.3322045101752,-0.479650006297541,3.46573590279973,0.460584407329244,3.76120011569356,0.119541451817987,0.489282962443842,0.59235115714148,1.46475623377821
"87","LD827_21","EG827_21","LD827_21","CL233_21","E016_M","delicata","CORT_28_5pg_Topical","28","low","8/02/2022","2021/22","10/01/2022",10,29,39,0.155,7.37,6.2,0.095,17,22,"3/06/2022",28,38.5,0.391,"LD827_21","10/08/2022",30,42,0.568,"DCL","ALIVE",NA,0,0,0,0,"","","",2020-06-07,"8:38","5",83,"M","N",40,63,1.434,28,"low",105,"T2",851.5,"4",0.62,5,135.27,"",25,171,72810,"A",0.1416,1.3256,0.1611,15.553,1.1377,0.2194,0.1929,"",115,183,485,0.0474226804123711,0.00276082474226804,0.0956521739130435,0.00257391304347826,0.0324324324324324,0.00281891891891892,0.00558823529411765,0.0139642857142857,0.0189333333333333,0.03585,-2.3538783873816,2.83321334405622,-0.939047718996771,3.3322045101752,-0.565633860260986,3.40119738166216,0.360467742177429,3.68887945411394,0.09969706325009,0.438783574118216,0.642567831576297,1.63069278941643
"88","LD828_21","EG828_21","LD828_21","CL233_21","E016_M","delicata","C_23_Topical","23","control","24/02/2022","2021/22","10/01/2022",10,45,55,0.137,7.24,6.02,0.099,15,19,"3/06/2022",28,33,0.342,"LD828_21","10/08/2022",28,39,0.448,"PR","ALIVE",NA,0,0,0,0,"","","",2020-05-30,"8:56","3",53,"M","N",42,64,1.428,23,"control",141,"T1",499.77,"2",0.43,5,108.47,"",28,242,72809,"A",0.7313,6.6317,0.6,72.4186,0.8205,0.1481,0.1805,"",99,167,461,0.0585683297180043,0.00288286334056399,0.131313131313131,0.00245454545454545,0.0386740331491713,0.003,0.0066,0.0122142857142857,0.016,0.034,-2.31263542884755,2.70805020110221,-1.07294454191953,3.3322045101752,-0.802962046567152,3.3322045101752,0.356274863917393,3.73766961828337,0.138795811677108,0.383795351274757,0.606103950685932,1.41180683746926
"89","LD829_21","EG829_21","LD829_21","CL233_21","E016_M","delicata","CORT_28_10pg_Topical","28","high","7/02/2022","2021/22","10/01/2022",10,28,38,0.15,7.54,6.09,0.101,17,21,"3/06/2022",28,44,0.451,"LD829_21","10/08/2022",32,50,0.656,"DCL","ALIVE",NA,0,0,0,0,"","","",2020-06-06,"9:02","4",77,"F","N",40,60,1.517,28,"high",105,"",NA,"4",0.56,5,194.36,"",23,173,72809,"A",0.0015,1.1104,0.0792,4.6708,52.8729,0.1156,0.0022,"",116,184,485,0.0474226804123711,0.00291958762886598,0.0948275862068965,0.00301724137931034,0.032520325203252,0.00288888888888889,0.00594117647058824,0.0161071428571429,0.0205,0.037925,-2.29263476214088,2.83321334405622,-0.796287939479459,3.3322045101752,-0.421594490038048,3.46573590279973,0.416734700366395,3.68887945411394,0.105993719876411,0.506116091885717,0.627758253771907,1.72507737904095
"90","LD832_21","EG832_21","LD832_21","CL234_21","E002_F120","delicata","C_28_Topical","28","control","13/02/2022","2021/22","10/01/2022",10,34,44,0.179,8.96,6.24,0.131,18,27,"3/06/2022",29.5,42,0.393,"LD832_21",NA,NA,NA,NA,"","ALIVE",NA,0,0,0,0,"","","",2020-06-07,"12:16","5",90,"F","N",42,63,1.411,28,"control",199,"",NA,"3",0.62,5,168.32,"",25,277,72809,"B",0.1558,0.9466,0.1303,13.1826,0.8359,0.2644,0.3163,"",110,178,480,0.05,0.00266666666666667,0.104545454545455,0.00238181818181818,0.0337837837837838,0.00275135135135135,0.00727777777777778,0.0133220338983051,NA,0.0335952380952381,-2.03255795578099,2.89037175789616,-0.933945667112876,3.38439026334577,NA,NA,0.344298672870677,3.73766961828337,0.120445018437871,0.386019982598247,NA,1.39499961321367
"91","LD833_21","EG833_21","LD833_21","CL235_21","E011_M","delicata","CORT_23_10pg_Topical","23","high","2/03/2022","2021/22","10/01/2022",10,51,61,0.149,8.78,5.94,0.134,18,27,"3/06/2022",29.5,37.5,0.43,"LD833_21","10/08/2022",32,45,0.611,"DCL","ALIVE",NA,0,0,0,0,"","","",2020-05-30,"11:42","3",56,"F","N",44,58,1.53,23,"high",139,"",NA,"2",1.05,5,201.4,"check handling time; in 750ul media",29,209,72810,"B",0.4057,3.4637,0.4033,18.7471,0.9941,0.2286,0.2299,"check handling time; in 750ul media",93,161,455,0.0571428571428571,0.00306813186813187,0.123655913978495,0.00318279569892473,0.0400552486187845,0.00303867403314917,0.00744444444444444,0.0145762711864407,0.01909375,0.0347727272727273,-2.00991547903123,2.89037175789616,-0.843970070294529,3.38439026334577,-0.492658319810542,3.46573590279973,0.425267735404344,3.78418963391826,0.123203301302861,0.422362830832688,0.584695568680846,1.32370256380321
"92","LD834_21","EG834_21","LD834_21","CL235_21","E011_M","delicata","CORT_28_5pg_Topical","28","low","11/02/2022","2021/22","10/01/2022",10,32,42,0.136,8.57,5.54,0.107,18,23,"3/06/2022",30,42.5,0.513,"LD834_21",NA,NA,NA,NA,"","ALIVE",NA,0,0,0,0,"","","",2020-05-30,"11:50","3",58,"F","N",44,68,1.629,28,"low",119,"",NA,"2",0.67,5,214.04,"750ul media",34,185,72809,"B",0.3007,2.8232,0.337,21.218,1.1208,0.2163,0.193,"750ul media",112,180,474,0.0548523206751055,0.00321097046413502,0.107142857142857,0.003625,0.0386740331491713,0.0030828729281768,0.00594444444444444,0.0171,NA,0.0370227272727273,-2.23492644452023,2.89037175789616,-0.667479433811368,3.40119738166216,NA,NA,0.487966329619908,3.78418963391826,0.098378755517956,0.482726550540826,NA,1.40935390616694
"93","LD835_21","EG835_21","LD835_21","CL235_21","E011_M","delicata","CORT_28_10pg_Topical","28","high","10/02/2022","2021/22","10/01/2022",10,31,41,0.14,8.38,5.64,0.115,17,26,"3/06/2022",28,38,0.353,"LD835_21","10/08/2022",29,41,0.457,"PR","ALIVE",NA,0,0,0,0,"","","",2020-06-08,"12:05","5",96,"F","N",39,61,1.298,28,"high",154,"",NA,"3",0.69,5,135.96,"spinal fluid?",21,212,72810,"B",0.1442,1.1893,0.1176,18.7091,0.8158,0.1561,0.1914,"spinal fluid?",113,181,484,0.0454545454545455,0.00244421487603306,0.0973451327433628,0.00210619469026549,0.0296495956873315,0.00254716981132075,0.00676470588235294,0.0126071428571429,0.0157586206896552,0.0332820512820513,-2.16282315061889,2.83321334405622,-1.04128722204884,3.3322045101752,-0.783071888087932,3.36729582998647,0.260824618281898,3.66356164612965,0.120685918671162,0.396139646198798,0.564502832628263,1.58721243461725
"94","LD836_21","EG836_21","LD836_21","CL235_21","E011_M","delicata","CORT_23_5pg_Topical","23","low","1/03/2022","2021/22","10/01/2022",10,50,60,0.141,8.12,5.94,0.122,19,25,"3/06/2022",30,43,0.455,"LD836_21","10/08/2022",32,46,0.582,"DCL","ALIVE",NA,0,0,0,0,"","","",2020-05-30,"11:37","3",55,"M","N",40,60,1.367,23,"low",114,"T2",828.28,"2",0.84,5,159.1,"",24,191,72810,"A",0.3656,2.9523,0.3605,17.434,0.986,0.221,0.2242,"",94,162,456,0.0460526315789474,0.00273026315789474,0.117021276595745,0.00354255319148936,0.0276243093922652,0.00251933701657459,0.00642105263157895,0.0151666666666667,0.0181875,0.034175,-2.10373423424888,2.94443897916644,-0.787457860031187,3.40119738166216,-0.541284831250699,3.46573590279973,0.312618557741813,3.68887945411394,0.0989789063037656,0.428149279719446,0.556944060511052,1.55450281947856
"95","LD837_21","EG837_21","LD837_21","CL236_21","E007_F120","delicata","CORT_28_10pg_Topical","28","high","9/02/2022","2021/22","10/01/2022",10,30,40,0.176,9.35,6.02,0.131,17.5,25,"3/06/2022",27,36,0.352,"LD837_21","10/08/2022",27,38,0.42,"PR","ALIVE",NA,0,0,0,0,"","","",NA,NA,NA,NA,NA,NA,NA,NA,NA,NA,NA,NA,NA,NA,NA,NA,NA,NA,NA,NA,NA,NA,NA,NA,NA,NA,NA,NA,NA,NA,NA,114,182,NA,NA,NA,0.0833333333333333,0.00193859649122807,NA,NA,0.00748571428571429,0.013037037037037,0.0155555555555556,NA,-2.03255795578099,2.86220088092947,-1.04412410338404,3.29583686600433,-0.867500567704723,3.29583686600433,NA,NA,0.128557997504807,0.433446695961903,0.624417316838491,NA
"96","LD838_21","EG838_21","LD838_21","CL236_21","E007_F120","delicata","CORT_23_10pg_Topical","23","high",NA,"2021/22","10/01/2022",10,52,62,0.161,8.7,5.99,0.123,16,24,"3/06/2022",24.5,30,0.25,"LD838_21","10/08/2022",24,30,0.295,"PR","ALIVE",NA,0,0,0,0,"","","",2020-05-31,"12:09","4",64,"F","N",42,56,1.368,23,"high",242,"",NA,"4",0.49,5,107.34,"",26,317,72810,"B",0.1531,1.5944,0.1775,9.8697,1.1594,0.2367,0.2042,"",92,160,455,0.0571428571428571,0.00273626373626374,0.0923913043478261,0.0013804347826087,0.0482093663911846,0.00307988980716253,0.0076875,0.0102040816326531,0.0122916666666667,0.0325714285714286,-2.09557092360972,2.77258872223978,-1.38629436111989,3.19867311755068,-1.22077992264232,3.17805383034795,0.313349819200359,3.73766961828337,0.148521197713256,0.394507086632124,0.595240775220029,1.35248722244954
"97","LD839_21","EG839_21","LD839_21","CL236_21","E007_F120","delicata","CORT_28_5pg_Topical","28","low","1/03/2022","2021/22","10/01/2022",10,50,60,0.153,8.38,5.88,0.131,18,23,"3/06/2022",27,38,0.396,"LD839_21","10/08/2022",30,41,0.418,"PR","ALIVE",NA,0,0,0,0,"","","",NA,NA,NA,NA,NA,NA,NA,NA,NA,NA,NA,NA,NA,NA,NA,NA,NA,NA,NA,NA,NA,NA,NA,NA,NA,NA,NA,NA,NA,NA,NA,94,162,NA,NA,NA,0.0957446808510638,0.00281914893617021,NA,NA,0.00727777777777778,0.0146666666666667,0.0139333333333333,NA,-2.03255795578099,2.89037175789616,-0.926341067727656,3.29583686600433,-0.872273846457381,3.40119738166216,NA,NA,0.120445018437871,0.48762753295714,0.472875622533261,NA
"98","LD840_21","EG840_21","LD840_21","CL236_21","E007_F120","delicata","CORT_23_5pg_Topical","23","low","1/03/2022","2021/22","10/01/2022",10,50,60,0.168,8.34,6.15,0.132,18,24,"3/06/2022",29,40,0.396,"LD840_21","10/08/2022",29,40,0.456,"PR","ALIVE",NA,0,0,0,0,"","","",NA,NA,NA,NA,NA,NA,NA,NA,NA,NA,NA,NA,NA,NA,NA,NA,NA,NA,NA,NA,NA,NA,NA,NA,NA,NA,NA,NA,NA,NA,NA,94,162,NA,NA,NA,0.117021276595745,0.00280851063829787,NA,NA,0.00733333333333333,0.0136551724137931,0.0157241379310345,NA,-2.02495335639577,2.89037175789616,-0.926341067727656,3.36729582998647,-0.785262469467751,3.36729582998647,NA,NA,0.121364446059535,0.406316419719634,0.563267596670652,NA
"99","LD841_21","EG841_21","LD841_21","CL237_21","E027_21","delicata","CORT_28_5pg_Topical","28","low","11/02/2022","2021/22","12/02/2022",43,10,53,0.142,8.43,5.67,0.086,18,22,"3/06/2022",29.5,41.5,0.416,"LD841_21","10/08/2022",33,45,0.655,"PR","ALIVE",NA,1,0,0,1,"tail has regrown","","",2020-06-06,"8:51","4",75,"F","N",44,64,1.775,28,"low",120,"",NA,"4",0.94,5,240.81,"",16,199,72810,"A",0.1994,2.0123,0.2038,11.7359,1.0219,0.2841,0.278,"",101,169,470,0.0553191489361702,0.0035936170212766,0.113861386138614,0.00326732673267327,0.0392953929539295,0.00368292682926829,0.00477777777777778,0.0141016949152542,0.0198484848484848,0.0403409090909091,-2.45340798272863,2.89037175789616,-0.877070018720874,3.38439026334577,-0.423120043346885,3.49650756146648,0.573800422927379,3.78418963391826,0.0790707754630301,0.408611482852089,0.578729255159679,1.5356680070266
"100","LD842_21","EG842_21","LD842_21","CL237_21","E027_21","delicata","CORT_28_10pg_Topical","28","high","11/02/2022","2021/22","12/02/2022",43,NA,42,0.148,8.45,5.75,0.103,16,21,"3/06/2022",29,36,0.441,"LD842_21","10/08/2022",32,41,0.566,"PR","ALIVE",NA,0,1,1,1,"tip of tail fell off during measuring","","",2020-05-19,"14:15","6",25,"M","N",40,56,1.18,28,"high",126,"T1",753.69,"1",0.65,5,94.96,"",20,208,72809,"A",0.1338,1.3581,0.0599,9.5417,0.4479,0.0864,0.1929,"",112,180,463,0.0518358531317495,0.00232613390928726,0.116071428571429,0.00301785714285714,0.0313390313390313,0.0021054131054131,0.0064375,0.0152068965517241,0.0176875,0.0295,-2.2730262907525,2.77258872223978,-0.818710403535291,3.36729582998647,-0.569161200778954,3.46573590279973,0.165514438477573,3.68887945411394,0.124371409467198,0.452488740142319,0.541632883589786,1.34185320189078
"101","LD843_21","EG843_21","LD843_21","CL237_21","E027_21","delicata","CORT_28_5pg_Topical","28","low","10/02/2022","2021/22","12/02/2022",43,NA,41,0.149,8.67,5.87,0.109,17,23,"3/06/2022",32,44.5,0.572,"LD843_21","10/08/2022",35,50,0.705,"DCL","ALIVE",NA,0,0,0,0,"","","",2020-05-19,"9:41","6",20,"M","N",43,62,1.553,28,"low",141,"T1",845.47,"1",0.5,5,75.21,"",14,237,72810,"B",0.2452,1.0395,0.2818,11.631,1.1493,0.342,0.2976,"",113,181,464,0.0560344827586207,0.00311206896551724,0.132743362831858,0.00409734513274336,0.0313390313390313,0.00279487179487179,0.00641176470588235,0.017875,0.0201428571428571,0.0361162790697674,-2.21640739675299,2.83321334405622,-0.558616287602339,3.46573590279973,-0.349557476169868,3.55534806148941,0.44018854416655,3.76120011569356,0.11438926204484,0.456487023555889,0.534759125536163,1.43518386817512
"102","LD844_21","EG844_21","LD844_21","CL237_21","E027_21","delicata","C_23_Topical","23","control","1/03/2022","2021/22","12/02/2022",43,17,60,0.145,8.41,6.02,0.112,18,23,"3/06/2022",31.5,42,0.487,"LD844_21",NA,NA,NA,NA,"","ALIVE",NA,0,0,0,0,"","","",2020-06-07,"8:51","5",86,"F","N",45,64,1.88,23,"control",135,"",NA,"4",0.99,5,345.56,"",23,209,72809,"B",0.2021,1.9404,0.1532,28.226,0.7583,0.1568,0.2068,"",94,162,464,0.0581896551724138,0.00381034482758621,0.143617021276596,0.00398936170212766,0.0364864864864865,0.00376486486486486,0.00622222222222222,0.0154603174603175,NA,0.0417777777777778,-2.18925640768704,2.89037175789616,-0.719491155899547,3.44998754583159,NA,NA,0.631271776841858,3.80666248977032,0.102975893626272,0.404595432460655,NA,1.52497703850265
"103","LD845_21","EG845_21","LD845_21","CL238_21","E031_M","delicata","C_23_Topical","23","control","1/03/2022","2021/22","12/02/2022",43,17,60,0.201,8.68,6.67,0.151,18,25,"3/06/2022",31,40,0.501,"LD845_21","10/08/2022",31,49,0.561,"DCL","ALIVE",NA,0,0,0,0,"","","",2020-05-31,"12:19","4",66,"F","N",39,54,1.313,23,"control",137,"",NA,"4",0.64,5,164.76,"",17,237,72809,"B",0.1697,1.296,0.1622,8.1479,0.9554,0.2545,0.2664,"",94,162,457,0.0459518599562363,0.00254266958424508,0.138297872340426,0.00372340425531915,0.0220385674931129,0.00223691460055096,0.00838888888888889,0.0161612903225806,0.0180967741935484,0.0336666666666667,-1.89047544216721,2.89037175789616,-0.691149177897272,3.43398720448515,-0.578034373459441,3.43398720448515,0.272314595320659,3.66356164612965,0.138833570871134,0.433579472428204,0.582916343731138,1.60555464302962
"104","LD846_21","EG846_21","LD846_21","CL238_21","E031_M","delicata","CORT_23_10pg_Topical","23","high","1/03/2022","2021/22","12/02/2022",43,17,60,0.179,8.68,6.37,0.145,18,24,"3/06/2022",29,37,0.404,"LD846_21",NA,NA,NA,NA,"","ALIVE",NA,0,0,0,0,"","","",2020-06-06,"13:09","5",80,"F","N",40,59,1.398,23,"high",222,"",NA,"4",0.71,5,188.91,"",25,337,72810,"B",0.1534,1.2397,0.1193,3.2252,0.7775,0.2413,0.3103,"",94,162,463,0.0475161987041037,0.00270626349892009,0.117021276595745,0.00275531914893617,0.029810298102981,0.00269376693766938,0.00805555555555556,0.0139310344827586,NA,0.03495,-1.93102153656156,2.89037175789616,-0.906340401020987,3.36729582998647,NA,NA,0.335042643811618,3.68887945411394,0.133317005141155,0.414524832239222,NA,1.58975489512145
"105","LD847_21","EG847_21","LD847_21","CL238_21","E031_M","delicata","CORT_23_5pg_Topical","23","low",NA,"2021/22","12/02/2022",43,20,63,0.177,8.7,6.08,0.13,18,26,"3/06/2022",27,40,0.408,"LD847_21","10/08/2022",28,41,0.455,"PR","ALIVE",NA,0,0,0,0,"","","",NA,NA,NA,NA,NA,NA,NA,NA,NA,NA,NA,NA,NA,NA,NA,NA,NA,NA,NA,NA,NA,NA,NA,NA,NA,NA,NA,NA,NA,NA,NA,91,159,NA,NA,NA,0.0989010989010989,0.00305494505494505,NA,NA,0.00722222222222222,0.0151111111111111,0.01625,NA,-2.04022082852655,2.89037175789616,-0.896488104577975,3.29583686600433,-0.787457860031187,3.3322045101752,NA,NA,0.119525590816208,0.502404124864933,0.6155743249154,NA
"106","LD848_21","EG848_21","LD848_21","CL238_21","E031_M","delicata","C_28_Topical","28","control","11/02/2022","2021/22","12/02/2022",43,NA,42,0.18,8.67,6.41,0.136,18,27,"3/06/2022",28,43,0.444,"LD848_21","10/08/2022",29,44,0.533,"PR","ALIVE",NA,0,0,0,0,"","","",2020-05-22,"10:52","6",30,"F","N",41,63,1.354,28,"control",157,"",NA,NA,NA,4,126.33,"",24,282,72809,"B",0.0855,1.329,0.1733,13.2287,2.0281,0.2121,0.1046,"",112,180,466,0.0493562231759657,0.0026137339055794,0.0892857142857143,0.00275,0.0367231638418079,0.00257062146892655,0.00755555555555556,0.0158571428571429,0.0183793103448276,0.0330243902439024,-1.99510039324608,2.89037175789616,-0.811930716549912,3.3322045101752,-0.629233854816292,3.36729582998647,0.303063174490083,3.71357206670431,0.125042156546187,0.498260631479509,0.658380765406705,1.43444228542289
"107","LD849_21","EG849_21","LD849_21","CL239_21","E011_M","delicata","CORT_28_5pg_Topical","28","low","11/02/2022","2021/22","12/02/2022",43,NA,42,0.184,8.91,6.32,0.118,18,25,"3/06/2022",28,38.5,0.414,"LD849_21","10/08/2022",31,41,0.585,"PR","ALIVE",NA,0,0,0,0,"","","",2020-05-25,"9:09","3",50,"F","N",42,63,1.645,28,"low",290,"",NA,NA,NA,3,26.57,"dilute in 750ul",25,370,72809,"B",0.2502,1.9862,0.2517,16.4695,1.0061,0.2485,0.247,"dilute in 750ul; plasma sample for CORT listed as 'chunky'",112,180,469,0.0511727078891258,0.00325586353944563,0.0892857142857143,0.00264285714285714,0.0392156862745098,0.00344817927170868,0.00655555555555555,0.0147857142857143,0.0188709677419355,0.0391666666666667,-2.13707065451647,2.89037175789616,-0.881889305156823,3.3322045101752,-0.536143431750281,3.43398720448515,0.497740384217335,3.73766961828337,0.108492459356251,0.464594372595758,0.607853941323914,1.62634611179057
"108","LD850_21","EG850_21","LD850_21","CL240_21","E029_F120","delicata","CORT_28_10pg_Topical","28","high","10/02/2022","2021/22","14/01/2022",14,27,41,0.141,7.68,5.86,0.076,14,19,"3/06/2022",29.5,41,0.473,"LD850_21","10/08/2022",32,44,0.65,"PR","ALIVE",NA,0,0,0,0,"","","",2020-06-06,"13:21","5",82,"M","N",40,60,1.269,28,"high",141,"T2",1202.49,"4",0.36,5,290.86,"blood a bit clear",23,229,72809,"B",0.2277,0.8321,0.1116,4.7,0.49,0.2796,0.5706,"blood a bit clear",113,181,482,0.053941908713693,0.00247510373443983,0.13716814159292,0.00351327433628319,0.0284552845528455,0.00215718157181572,0.00542857142857143,0.0160338983050847,0.0203125,0.031725,-2.57702193869581,2.63905732961526,-0.748659890490204,3.38439026334577,-0.430782916092454,3.46573590279973,0.238229188732251,3.68887945411394,0.124993947098021,0.464599113915957,0.622016562426433,1.4430607738978
"109","LD851_21","EG851_21","LD851_21","CL241_21","E018_F120","delicata","CORT_23_10pg_Topical","23","high",NA,"2021/22","14/01/2022",14,55,69,0.112,8.23,5.33,0.106,16,25,"3/06/2022",26,34,0.308,"LD851_21","10/08/2022",27,39,0.361,"DCL","ALIVE",NA,0,0,0,0,"","","",2020-05-23,"14:21","3",39,"F","N",43,70,1.766,23,"high",242,"",NA,"2",0.78,5,271.92,"",27,321,72810,"A",0.2416,1.8383,0.2121,19.035,0.8778,0.1839,0.2095,"",85,153,440,0.0613636363636364,0.00377272727272727,0.117647058823529,0.00237647058823529,0.047887323943662,0.00410704225352113,0.006625,0.0118461538461538,0.0133703703703704,0.0410697674418605,-2.24431618487007,2.77258872223978,-1.17765549600856,3.25809653802148,-1.01887732064926,3.29583686600433,0.568717102181768,3.76120011569356,0.127993877704107,0.417623589365982,0.536701550901655,1.63202492672071
"110","LD852_21","EG852_21","LD852_21","CL241_21","E018_F120","delicata","CORT_28_5pg_Topical","28","low","15/02/2022","2021/22","14/01/2022",14,32,46,0.109,8.26,5.09,0.107,17,24,"3/06/2022",31.5,42,0.489,"LD852_21","10/08/2022",29,52,0.725,"DCL","ALIVE",NA,0,0,0,0,"","","",2020-05-22,"14:40","6",32,"F","N",46,69,1.77,28,"low",147,"",NA,"1",0.44,5,208.82,"",23,231,72810,"B",0.1245,0.8878,0.0779,7.8111,0.6256,0.1532,0.245,"",108,176,462,0.0627705627705628,0.0035995670995671,0.134259259259259,0.00353703703703704,0.0409604519774011,0.00361864406779661,0.00629411764705882,0.0155238095238095,0.025,0.0384782608695652,-2.23492644452023,2.83321334405622,-0.715392789507265,3.44998754583159,-0.321583624127462,3.36729582998647,0.570979546585738,3.8286413964891,0.112290376502733,0.406257015345504,0.895546069268032,1.34803289529322
"111","LD853_21","EG853_21","LD853_21","CL241_21","E018_F120","delicata","CORT_23_5pg_Topical","23","low",NA,"2021/22","14/01/2022",14,51,65,0.107,7.7,5.11,0.096,15,24,"3/06/2022",27,40,0.369,"LD853_21","10/08/2022",28,42,0.412,"PR","ALIVE",NA,0,0,0,0,"","","",2020-06-08,"12:00","5",95,"M","N",41,69,1.336,23,"low",215,"T2",1050.55,"3",0.42,5,180.36,"spinal fluid?",29,282,72810,"A",0.1001,0.7924,0.1129,10.4789,1.1279,0.1835,0.1627,"spinal fluid?",89,157,460,0.0565217391304348,0.00269565217391304,0.134831460674157,0.00306741573033708,0.0377358490566038,0.00260646900269542,0.0064,0.0136666666666667,0.0147142857142857,0.0325853658536585,-2.3434070875143,2.70805020110221,-0.99695863494161,3.29583686600433,-0.886731929632611,3.3322045101752,0.289680075114454,3.71357206670431,0.134589877989923,0.454380201164608,0.557399168934384,1.4153728901957
"112","LD854_21","EG854_21","LD854_21","CL242_21","E015_M","delicata","CORT_28_10pg_Topical","28","high","13/02/2022","2021/22","14/01/2022",14,30,44,0.136,8.45,5.57,0.113,17,25,NA,NA,NA,NA,"LD854_21",NA,NA,NA,NA,"","DEAD","14/02/2022",0,0,0,0,"","Died after hatchling; 14/02/22","Died after hatchling; 14/02/22",NA,NA,NA,NA,NA,NA,NA,NA,NA,NA,NA,NA,NA,NA,NA,NA,NA,NA,NA,NA,NA,NA,NA,NA,NA,NA,NA,NA,NA,NA,NA,110,178,NA,NA,NA,NA,NA,NA,NA,0.00664705882352941,NA,NA,NA,-2.1803674602698,2.83321334405622,NA,NA,NA,NA,NA,NA,0.118587033129054,NA,NA,NA
"113","LD855_21","EG855_21","LD855_21","CL242_21","E015_M","delicata","CORT_23_10pg_Topical","23","high","2/03/2022","2021/22","14/01/2022",14,47,61,0.14,8.47,5.55,0.107,17,23,"3/06/2022",28.5,43,0.417,"LD855_21","10/08/2022",28,40,0.493,"DCL","ALIVE",NA,0,0,0,0,"","","",2020-05-22,"10:43","6",28,"F","N",43,68,1.78,23,"high",104,"",NA,"1",0.53,5,233.38,"",18,207,72810,"B",0.1991,1.1034,0.1658,13.8548,0.8324,0.2289,0.275,"",93,161,447,0.058165548098434,0.0037427293064877,0.123655913978495,0.00333333333333333,0.0409604519774011,0.00385028248587571,0.00629411764705882,0.0146315789473684,0.0176071428571429,0.0413953488372093,-2.23492644452023,2.83321334405622,-0.874669057183336,3.3499040872746,-0.707246104939447,3.3322045101752,0.576613364303994,3.76120011569356,0.112290376502733,0.447287548307087,0.666984927875367,1.64496283667206
"114","LD856_21","EG856_21","LD856_21","CL242_21","E015_M","delicata","CORT_28_5pg_Topical","28","low","13/02/2022","2021/22","14/01/2022",14,30,44,0.137,8.54,5.55,0.115,17,26,"3/06/2022",30,47,0.456,"LD856_21",NA,NA,NA,NA,"","ALIVE",NA,0,0,0,0,"","","",NA,NA,NA,NA,NA,NA,NA,NA,NA,NA,NA,NA,NA,NA,NA,NA,NA,NA,NA,NA,NA,NA,NA,NA,NA,NA,NA,NA,NA,NA,NA,110,178,NA,NA,NA,0.118181818181818,0.0031,NA,NA,0.00676470588235294,0.0152,NA,NA,-2.16282315061889,2.83321334405622,-0.785262469467751,3.40119738166216,NA,NA,NA,NA,0.120685918671162,0.429090267147401,NA,NA
"115","LD857_21","EG857_21","LD857_21","CL242_21","E015_M","delicata","C_23_Topical","23","control",NA,"2021/22","14/01/2022",14,48,62,0.134,8.85,5.31,0.124,15,26,"3/06/2022",27.5,39,0.397,"LD857_21","10/08/2022",28,42,0.446,"PR","ALIVE",NA,0,0,0,0,"","","",2020-05-22,"10:47","6",29,"M","N",40,68,1.316,23,"control",144,"T1",712.48,"1",0.67,5,132.6,"",22,255,72809,"A",0.1508,0.6097,0.1531,4.2977,1.0154,0.3537,0.3483,"",92,160,446,0.0560538116591928,0.00267264573991031,0.135869565217391,0.00296739130434783,0.0353107344632768,0.00259604519774011,0.00826666666666667,0.0144363636363636,0.0159285714285714,0.0329,-2.0874737133771,2.70805020110221,-0.923818998294947,3.31418600467253,-0.807436326962073,3.3322045101752,0.274596832903125,3.68887945411394,0.173845259070317,0.466488073904454,0.603398129477512,1.49650746922735
"116","LD858_21","EG858_21","LD858_21","CL242_21","E015_M","delicata","C_28_Topical","28","control","13/02/2022","2021/22","14/01/2022",14,30,44,0.133,8.73,5.34,0.122,17,24,"3/06/2022",29.5,42,0.45,"LD858_21",NA,NA,NA,NA,"","ALIVE",NA,0,0,0,0,"","","",2020-06-08,"8:56","5",91,"M","N",39,61,1.277,28,"control",119,"T2",1071.75,"3",0.54,5,195.19,"",27,190,72810,"A",0.1944,1.7008,0.1937,12.8312,0.9966,0.2719,0.2728,"",110,178,481,0.0457380457380457,0.0024012474012474,0.113636363636364,0.00298181818181818,0.0256064690026954,0.00222911051212938,0.00717647058823529,0.0152542372881356,NA,0.0327435897435897,-2.10373423424888,2.83321334405622,-0.798507696217772,3.38439026334577,NA,NA,0.244513577050402,3.66356164612965,0.128032018068537,0.442007613662115,NA,1.56153334283993
"117","LD859_21","EG859_21","LD859_21","CL243_21","E027_M","delicata","CORT_28_10pg_Topical","28","high","14/02/2022","2021/22","14/01/2022",14,31,45,0.11,7.65,5.17,0.109,15,23,"3/06/2022",28,45,0.428,"LD859_21","10/08/2022",30,43,0.522,"PR","ALIVE",NA,0,0,0,0,"","","",NA,NA,NA,NA,NA,NA,NA,NA,NA,NA,NA,NA,NA,NA,NA,NA,NA,NA,NA,NA,NA,NA,NA,NA,NA,NA,NA,NA,NA,NA,NA,109,177,NA,NA,NA,0.119266055045872,0.00292660550458716,NA,NA,0.00726666666666667,0.0152857142857143,0.0174,NA,-2.21640739675299,2.70805020110221,-0.84863208340034,3.3322045101752,-0.650087691099498,3.40119738166216,NA,NA,0.152815590634392,0.480305293408175,0.590528887469766,NA
"118","LD860_21","EG860_21","LD860_21","CL243_21","E027_M","delicata","CORT_23_10pg_Topical","23","high",NA,"2021/22","14/01/2022",14,49,63,0.115,7.66,5.39,0.097,15,22,"3/06/2022",22,26,0.265,"LD860_21","10/08/2022",25,32,0.275,"DCL","ALIVE",NA,0,0,0,0,"","","",2020-05-22,"14:45","6",33,"F","N",37,53,1.151,23,"high",142,"",NA,NA,NA,3,165.01,"",30,229,72809,"A",0.1628,1.3464,0.1219,10.5693,0.7485,0.1679,0.2243,"",91,159,445,0.049438202247191,0.0023685393258427,0.0769230769230769,0.00184615384615385,0.0423728813559322,0.00250282485875706,0.00646666666666667,0.0120454545454545,0.011,0.0311081081081081,-2.33304430047875,2.70805020110221,-1.32802545299591,3.09104245335832,-1.29098418131557,3.2188758248682,0.140631129739746,3.61091791264422,0.135991855885651,0.550410504994829,0.499149223104769,1.63686118071704
"119","LD861_21","EG861_21","LD861_21","CL243_21","E027_M","delicata","C_23_Topical","23","control",NA,"2021/22","14/01/2022",14,49,63,0.12,7.98,5.51,0.101,18,25,"3/06/2022",30,43,0.415,"LD861_21","10/08/2022",29,45,0.45,"DCL","ALIVE",NA,0,0,0,0,"","","",2020-05-30,"11:46","3",57,"M","N",39,65,1.116,23,"control",128,"T2",717.44,"2",0.59,5,188.61,"750ul media",28,198,72809,"A",0.6254,5.0914,0.547,22.1852,0.8746,0.2453,0.2804,"750ul media",91,159,453,0.0463576158940397,0.00224061810154525,0.131868131868132,0.00345054945054945,0.0248618784530387,0.00193646408839779,0.00561111111111111,0.0138333333333333,0.0155172413793103,0.0286153846153846,-2.29263476214088,2.89037175789616,-0.879476758751439,3.40119738166216,-0.798507696217772,3.36729582998647,0.109750863959119,3.66356164612965,0.0928621897879772,0.390509782601253,0.555856180924985,1.36466030588047
"120","LD862_21","EG862_21","LD862_21","CL243_21","E027_M","delicata","C_28_Topical","28","control","13/02/2022","2021/22","14/01/2022",14,30,44,0.112,8.14,5.29,0.103,16,23,"3/06/2022",29,41,0.466,"LD862_21",NA,NA,NA,NA,"","ALIVE",NA,0,0,0,0,"","","",2020-06-07,"12:01","5",87,"F","N",42,65,1.79,28,"control",278,"",NA,"4",0.77,5,255.53,"",19,343,72810,"A",0.1529,1.0794,0.118,22.6394,0.7715,0.1799,0.2332,"",110,178,480,0.0541666666666667,0.00351458333333333,0.118181818181818,0.0033,0.0351351351351351,0.00357837837837838,0.0064375,0.0160689655172414,NA,0.0426190476190476,-2.2730262907525,2.77258872223978,-0.763569644856491,3.36729582998647,NA,NA,0.582215619852664,3.73766961828337,0.124371409467198,0.478140029266033,NA,1.76970184808821
"121","LD863_21","EG863_21","LD863_21","CL243_21","E027_M","delicata","CORT_23_5pg_Topical","23","low",NA,"2021/22","14/01/2022",14,50,64,0.113,7.65,5.52,0.1,16,23,"3/06/2022",26,36,0.332,"LD863_21","10/08/2022",27,39,0.42,"PR","ALIVE",NA,0,0,0,0,"","","",NA,NA,NA,NA,NA,NA,NA,NA,NA,NA,NA,NA,NA,NA,NA,NA,NA,NA,NA,NA,NA,NA,NA,NA,NA,NA,NA,NA,NA,NA,NA,90,158,NA,NA,NA,0.111111111111111,0.00257777777777778,NA,NA,0.00625,0.0127692307692308,0.0155555555555556,NA,-2.30258509299405,2.77258872223978,-1.10262031006565,3.25809653802148,-0.867500567704723,3.29583686600433,NA,NA,0.12074894123029,0.450165687238656,0.624417316838491,NA
"122","LD864_21","EG864_21","LD864_21","CL243_21","E027_M","delicata","CORT_28_5pg_Topical","28","low","14/02/2022","2021/22","14/01/2022",14,31,45,0.112,8.04,5.31,0.112,16,25,"3/06/2022",29,42.5,0.43,"LD864_21","10/08/2022",29,44,0.476,"PR","ALIVE",NA,0,0,0,0,"","","",NA,NA,NA,NA,NA,NA,NA,NA,NA,NA,NA,NA,NA,NA,NA,NA,NA,NA,NA,NA,NA,NA,NA,NA,NA,NA,NA,NA,NA,NA,NA,109,177,NA,NA,NA,0.119266055045872,0.00291743119266055,NA,NA,0.007,0.0148275862068966,0.0164137931034483,NA,-2.18925640768704,2.77258872223978,-0.843970070294529,3.36729582998647,-0.742337424750717,3.36729582998647,NA,NA,0.135238814177925,0.441202172927885,0.587972315822873,NA
"123","LD865_21","EG865_21","LD865_21","CL244_21","E025_M","delicata","C_23_Topical","23","control",NA,"2021/22","14/01/2022",14,50,64,0.135,7.68,5.5,0.106,17,22,"3/06/2022",27,37,0.357,"LD865_21","10/08/2022",28,44,0.459,"DCL","ALIVE",NA,0,0,0,0,"","","",2020-05-31,"12:15","4",65,"F","Y",42,64,1.452,23,"control",115,"",NA,NA,NA,5,134.52,"",20,177,72809,"A",0.0504,0.6153,0.0605,5.9302,1.1987,0.1512,0.1261,"",90,158,453,0.0551876379690949,0.00297130242825607,0.111111111111111,0.00278888888888889,0.0413223140495868,0.00301652892561983,0.00623529411764706,0.0132222222222222,0.0163928571428571,0.0345714285714286,-2.24431618487007,2.83321334405622,-1.0300194972025,3.29583686600433,-0.778705068921592,3.3322045101752,0.372941916402604,3.73766961828337,0.111240933731679,0.439603609256816,0.620985967332238,1.43553468347714
"124","LD865_21","EG865_21","LD865_21","CL244_21","E025_M","delicata","C_23_Topical","23","control",NA,"2021/22","14/01/2022",14,50,64,0.135,7.68,5.5,0.106,17,22,"3/06/2022",27,37,0.357,"LD865_21","10/08/2022",28,44,0.459,"DCL","ALIVE",NA,0,0,0,0,"","","",2020-06-08,"9:01","5",92,"F","Y",44,67,1.759,23,"control",227,"",NA,NA,NA,5,201.19,"",17,309,72810,"B",0.1638,1.4491,0.1489,19.185,0.9091,0.2023,0.2226,"",90,158,461,0.0585683297180043,0.00358568329718004,0.111111111111111,0.00278888888888889,0.045822102425876,0.00377897574123989,0.00623529411764706,0.0132222222222222,0.0163928571428571,0.0399772727272727,-2.24431618487007,2.83321334405622,-1.0300194972025,3.29583686600433,-0.778705068921592,3.3322045101752,0.564745465755421,3.78418963391826,0.111240933731679,0.439603609256816,0.620985967332238,1.5218253658365
"125","LD866_21","EG866_21","LD866_21","CL244_21","E025_M","delicata","C_28_Topical","28","control","13/02/2022","2021/22","14/01/2022",14,30,44,0.141,8.44,5.58,0.119,17,26,"3/06/2022",29,43,0.432,"LD866_21",NA,NA,NA,NA,"","ALIVE",NA,0,0,0,0,"","","",2020-06-01,"13:34","4",73,"M","N",42,67,1.444,28,"control",186,"T2",1030.83,"4",0.46,5,166.76,"",33,330,72809,"A",0.6181,3.5411,0.5392,7.3802,0.8724,0.3137,0.3596,"",110,178,474,0.0527426160337553,0.00279535864978903,0.109090909090909,0.00284545454545455,0.0357142857142857,0.00278021978021978,0.007,0.0148965517241379,NA,0.0343809523809524,-2.12863178587061,2.83321334405622,-0.839329690738027,3.36729582998647,NA,NA,0.367417040470634,3.73766961828337,0.124883689755376,0.443254276057782,NA,1.42762540147452
"126","LD867_21","EG867_21","LD867_21","CL244_21","E025_M","delicata","CORT_23_10pg_Topical","23","high",NA,"2021/22","14/01/2022",14,50,64,0.135,8.05,5.55,0.117,17,25,NA,NA,NA,NA,"LD867_21",NA,NA,NA,NA,"","MISSING",NA,0,0,0,0,"","lizard escaped","lizard escaped",NA,NA,NA,NA,NA,NA,NA,NA,NA,NA,NA,NA,NA,NA,NA,NA,NA,NA,NA,NA,NA,NA,NA,NA,NA,NA,NA,NA,NA,NA,NA,90,158,NA,NA,NA,NA,NA,NA,NA,0.00688235294117647,NA,NA,NA,-2.14558134418438,2.83321334405622,NA,NA,NA,NA,NA,NA,0.122784804213269,NA,NA,NA
"127","LD868_21","EG868_21","LD868_21","CL244_21","E025_M","delicata","CORT_23_5pg_Topical","23","low",NA,"2021/22","14/01/2022",14,50,64,0.135,8.32,5.57,0.111,16,23,"3/06/2022",28,41,0.423,"LD868_21","10/08/2022",28,44,0.455,"DCL","ALIVE",NA,0,0,0,0,"","","",2020-06-07,"12:11","5",89,"M","N",40,70,1.502,23,"low",104,"T2",1111.58,"4",0.67,5,417.59,"",25,175,72809,"A",0.1975,1.1722,0.171,21.9849,0.8661,0.2154,0.2487,"",90,158,460,0.0521739130434783,0.00302391304347826,0.133333333333333,0.00346666666666667,0.0324324324324324,0.00291621621621622,0.0069375,0.0151071428571429,0.01625,0.03755,-2.1982250776698,2.77258872223978,-0.860383099935859,3.3322045101752,-0.787457860031187,3.3322045101752,0.406797553341943,3.68887945411394,0.134031324765622,0.474694250260883,0.6155743249154,1.70801992308471
